"","Away_Team","Home_Team","Winner","Away_Team_3rd_Down_Conversion_Pct_Rank","Away_Team_3rd_Down_Conversion_Pct_G","Away_Team_3rd_Down_Conversion_Pct_W-L","Away_Team_3rd_Down_Conversion_Pct_3rd Att","Away_Team_3rd_Down_Conversion_Pct_3rd Conv","Away_Team_3rd_Down_Conversion_Pct_Pct","Away_Team_3rd_Down_Conversion_Pct_Defense_Rank","Away_Team_3rd_Down_Conversion_Pct_Defense_Opp 3rd Conv","Away_Team_3rd_Down_Conversion_Pct_Defense_Opp 3rd Att","Away_Team_3rd_Down_Conversion_Pct_Defense_Pct","Away_Team_4th_Down_Conversion_Pct_Rank","Away_Team_4th_Down_Conversion_Pct_4th Conv","Away_Team_4th_Down_Conversion_Pct_4th Att","Away_Team_4th_Down_Conversion_Pct_Pct","Away_Team_4th_Down_Conversion_Pct_Defense_Rank","Away_Team_4th_Down_Conversion_Pct_Defense_Opp 4th Conv","Away_Team_4th_Down_Conversion_Pct_Defense_Opp 4th Att","Away_Team_4th_Down_Conversion_Pct_Defense_Pct","Away_Team_Blocked_Kicks_Allowed_Rank","Away_Team_Blocked_Kicks_Allowed_Blkd","Away_Team_Blocked_Punts_Allowed_Rank","Away_Team_Blocked_Punts_Allowed_Punts","Away_Team_Blocked_Punts_Allowed_Blkd Punts","Away_Team_Completion_Percentage_Rank","Away_Team_Completion_Percentage_Pass Com","Away_Team_Completion_Percentage_Pass Att","Away_Team_Completion_Percentage_Pct","Away_Team_Fewest_Penalties_Rank","Away_Team_Fewest_Penalties_Penalties","Away_Team_Fewest_Penalties_PYards","Away_Team_Fewest_Penalties_Per_Game_Rank","Away_Team_Fewest_Penalties_Per_Game_PenPerGame","Away_Team_Fewest_Penalty_Yards_Rank","Away_Team_Fewest_Penalty_Yards_Per_Game_Rank","Away_Team_Fewest_Penalty_Yards_Per_Game_YPG","Away_Team_First_Downs_Defense_Rank","Away_Team_First_Downs_Defense_Opp Rush 1st","Away_Team_First_Downs_Defense_Opp Pass 1st","Away_Team_First_Downs_Defense_Opp Pen 1st","Away_Team_First_Downs_Defense_Opp FD","Away_Team_First_Downs_Offense_Rank","Away_Team_First_Downs_Offense_RuFD","Away_Team_First_Downs_Offense_PaFD","Away_Team_First_Downs_Offense_PnFD","Away_Team_First_Downs_Offense_FD","Away_Team_Fumbles_Lost_Rank","Away_Team_Fumbles_Lost_Fum Lost","Away_Team_Kickoff_Return_Defense_Rank","Away_Team_Kickoff_Return_Defense_Opp KO Ret","Away_Team_Kickoff_Return_Defense_KO TB","Away_Team_Kickoff_Return_Defense_Opp KO Ret Yds","Away_Team_Kickoff_Return_Defense_Opp Kick Ret TDs","Away_Team_Kickoff_Return_Defense_Avg","Away_Team_Net_Punting_Rank","Away_Team_Net_Punting_Punt Yds","Away_Team_Net_Punting_Opp Punt Ret Yds","Away_Team_Net_Punting_TB","Away_Team_Net_Punting_Net Yds","Away_Team_Passes_Had_Intercepted_Rank","Away_Team_Passes_Had_Intercepted_Int","Away_Team_Passing_Offense_Rank","Away_Team_Passing_Offense_Pass Att","Away_Team_Passing_Offense_Pass Com","Away_Team_Passing_Offense_Pass Yds","Away_Team_Passing_Offense_Yds/Att","Away_Team_Passing_Offense_Yds/Comp","Away_Team_Passing_Offense_Pass TD","Away_Team_Passing_Offense_YPG","Away_Team_Passing_Yards_Allowed_Rank","Away_Team_Passing_Yards_Allowed_Opp Cpl","Away_Team_Passing_Yards_Allowed_Opp Pass","Away_Team_Passing_Yards_Allowed_Opp Pass <br/>Yds","Away_Team_Passing_Yards_Allowed_Opp Pass <br/>TDs","Away_Team_Passing_Yards_Allowed_Yds/Att","Away_Team_Passing_Yards_Allowed_Yds/Comp","Away_Team_Passing_Yards_Allowed_YPG","Away_Team_Passing_Yards_Per_Completion_Rank","Away_Team_Passing_Yards_Per_Completion_Pass Yds","Away_Team_Punt_Return_Defense_Rank","Away_Team_Punt_Return_Defense_Opp Punt Ret","Away_Team_Punt_Return_Defense_Opp Punt Ret TDs","Away_Team_Punt_Return_Defense_Avg","Away_Team_Punt_Returns_Rank","Away_Team_Punt_Returns_Punt Ret","Away_Team_Punt_Returns_Punt Ret Yds","Away_Team_Punt_Returns_Punt Ret TDs","Away_Team_Punt_Returns_Avg","Away_Team_Red_Zone_Defense_Rank","Away_Team_Red_Zone_Defense_Opp RZAtt","Away_Team_Red_Zone_Defense_Opp RZ Rush TD","Away_Team_Red_Zone_Defense_Opp RZ Pass TD","Away_Team_Red_Zone_Defense_Opp RZ FG Made","Away_Team_Red_Zone_Defense_Opp RZScores","Away_Team_Red_Zone_Defense_Pct","Away_Team_Red_Zone_Offense_Rank","Away_Team_Red_Zone_Offense_RZAtt","Away_Team_Red_Zone_Offense_RZ Rush TD","Away_Team_Red_Zone_Offense_RZ Pass TD","Away_Team_Red_Zone_Offense_RZ FG Made","Away_Team_Red_Zone_Offense_RZScores","Away_Team_Red_Zone_Offense_Pct","Away_Team_Rushing_Defense_Rank","Away_Team_Rushing_Defense_Opp Rush","Away_Team_Rushing_Defense_Opp Rush Yds","Away_Team_Rushing_Defense_Yds/Rush","Away_Team_Rushing_Defense_Opp Rush TDs","Away_Team_Rushing_Defense_YPG","Away_Team_Rushing_Offense_Rank","Away_Team_Rushing_Offense_Rush","Away_Team_Rushing_Offense_Rush Yds","Away_Team_Rushing_Offense_Yds/Rush","Away_Team_Rushing_Offense_Rush TD","Away_Team_Rushing_Offense_YPG","Away_Team_Sacks_Allowed_Rank","Away_Team_Sacks_Allowed_Opp Sacks","Away_Team_Sacks_Allowed_Opp Sack Yds","Away_Team_Sacks_Allowed_Avg","Away_Team_Scoring_Defense_Rank","Away_Team_Scoring_Defense_TDs","Away_Team_Scoring_Defense_Opp XP","Away_Team_Scoring_Defense_2PT","Away_Team_Scoring_Defense_Opp DXP","Away_Team_Scoring_Defense_Opp FGM","Away_Team_Scoring_Defense_Opp Saf","Away_Team_Scoring_Defense_Pts","Away_Team_Scoring_Defense_Avg","Away_Team_Scoring_Offense_Rank","Away_Team_Scoring_Offense_G","Away_Team_Scoring_Offense_TDs","Away_Team_Scoring_Offense_PAT","Away_Team_Scoring_Offense_2PT","Away_Team_Scoring_Offense_Def Pts","Away_Team_Scoring_Offense_FG","Away_Team_Scoring_Offense_Saf","Away_Team_Scoring_Offense_Pts","Away_Team_Scoring_Offense_PPG","Away_Team_Tackles_For_Loss_Allowed_Rank","Away_Team_Tackles_For_Loss_Allowed_Opp <br/>STFL","Away_Team_Tackles_For_Loss_Allowed_Opp <br/>ATFL","Away_Team_Tackles_For_Loss_Allowed_Opp <br/>TFL","Away_Team_Tackles_For_Loss_Allowed_Opp <br/>Tackle Yds","Away_Team_Tackles_For_Loss_Allowed_Avg","Away_Team_Team_Passing_Efficiency_Rank","Away_Team_Team_Passing_Efficiency_Pass Eff","Away_Team_Team_Passing_Efficiency_Defense_Rank","Away_Team_Team_Passing_Efficiency_Defense_Opp Int","Away_Team_Team_Passing_Efficiency_Defense_Pass Eff","Away_Team_Team_Tackles_For_Loss_Rank","Away_Team_Team_Tackles_For_Loss_STFL","Away_Team_Team_Tackles_For_Loss_ATFL","Away_Team_Team_Tackles_For_Loss_Tackle Yds","Away_Team_Team_Tackles_For_Loss_TTFL","Away_Team_Team_Tackles_For_Loss_TFLPG","Away_Team_Time_Of_Possession_Rank","Away_Team_Time_Of_Possession_G","Away_Team_Time_Of_Possession_TOP","Away_Team_Time_Of_Possession_AvgTOP","Away_Team_Total_Defense_Rank","Away_Team_Total_Defense_Plays","Away_Team_Total_Defense_YDS","Away_Team_Total_Defense_Yds/Play","Away_Team_Total_Defense_Off TDs","Away_Team_Total_Defense_Opp TDs","Away_Team_Total_Defense_YPG","Away_Team_Total_Offense_Rank","Away_Team_Total_Offense_Plays","Away_Team_Total_Offense_YDS","Away_Team_Total_Offense_Yds/Play","Away_Team_Total_Offense_Off TDs","Away_Team_Total_Offense_YPG","Away_Team_Turnover_Margin_Rank","Away_Team_Turnover_Margin_Fum Rec","Away_Team_Turnover_Margin_Turn Gain","Away_Team_Turnover_Margin_Turn Lost","Away_Team_Turnover_Margin_Margin","Away_Team_Turnover_Margin_Avg","Away_Team_Turnovers_Lost_Rank","Away_Team_Winning_Percentage_Rank","Away_Team_Winning_Percentage_W","Away_Team_Winning_Percentage_L","Away_Team_Winning_Percentage_T","Away_Team_Winning_Percentage_Pct","Home_Team_3rd_Down_Conversion_Pct_Rank","Home_Team_3rd_Down_Conversion_Pct_G","Home_Team_3rd_Down_Conversion_Pct_W-L","Home_Team_3rd_Down_Conversion_Pct_3rd Att","Home_Team_3rd_Down_Conversion_Pct_3rd Conv","Home_Team_3rd_Down_Conversion_Pct_Pct","Home_Team_3rd_Down_Conversion_Pct_Defense_Rank","Home_Team_3rd_Down_Conversion_Pct_Defense_Opp 3rd Conv","Home_Team_3rd_Down_Conversion_Pct_Defense_Opp 3rd Att","Home_Team_3rd_Down_Conversion_Pct_Defense_Pct","Home_Team_4th_Down_Conversion_Pct_Rank","Home_Team_4th_Down_Conversion_Pct_4th Conv","Home_Team_4th_Down_Conversion_Pct_4th Att","Home_Team_4th_Down_Conversion_Pct_Pct","Home_Team_4th_Down_Conversion_Pct_Defense_Rank","Home_Team_4th_Down_Conversion_Pct_Defense_Opp 4th Conv","Home_Team_4th_Down_Conversion_Pct_Defense_Opp 4th Att","Home_Team_4th_Down_Conversion_Pct_Defense_Pct","Home_Team_Blocked_Kicks_Allowed_Rank","Home_Team_Blocked_Kicks_Allowed_Blkd","Home_Team_Blocked_Punts_Allowed_Rank","Home_Team_Blocked_Punts_Allowed_Punts","Home_Team_Blocked_Punts_Allowed_Blkd Punts","Home_Team_Completion_Percentage_Rank","Home_Team_Completion_Percentage_Pass Com","Home_Team_Completion_Percentage_Pass Att","Home_Team_Completion_Percentage_Pct","Home_Team_Fewest_Penalties_Rank","Home_Team_Fewest_Penalties_Penalties","Home_Team_Fewest_Penalties_PYards","Home_Team_Fewest_Penalties_Per_Game_Rank","Home_Team_Fewest_Penalties_Per_Game_G","Home_Team_Fewest_Penalties_Per_Game_Penalties","Home_Team_Fewest_Penalties_Per_Game_PenPerGame","Home_Team_Fewest_Penalty_Yards_Rank","Home_Team_Fewest_Penalty_Yards_Per_Game_Rank","Home_Team_Fewest_Penalty_Yards_Per_Game_PYards","Home_Team_Fewest_Penalty_Yards_Per_Game_YPG","Home_Team_First_Downs_Defense_Rank","Home_Team_First_Downs_Defense_Opp Rush 1st","Home_Team_First_Downs_Defense_Opp Pass 1st","Home_Team_First_Downs_Defense_Opp Pen 1st","Home_Team_First_Downs_Defense_Opp FD","Home_Team_First_Downs_Offense_Rank","Home_Team_First_Downs_Offense_RuFD","Home_Team_First_Downs_Offense_PaFD","Home_Team_First_Downs_Offense_PnFD","Home_Team_First_Downs_Offense_FD","Home_Team_Fumbles_Lost_Rank","Home_Team_Fumbles_Lost_Fum Lost","Home_Team_Kickoff_Return_Defense_Rank","Home_Team_Kickoff_Return_Defense_Opp KO Ret","Home_Team_Kickoff_Return_Defense_KO TB","Home_Team_Kickoff_Return_Defense_Opp KO Ret Yds","Home_Team_Kickoff_Return_Defense_Opp Kick Ret TDs","Home_Team_Kickoff_Return_Defense_Avg","Home_Team_Net_Punting_Rank","Home_Team_Net_Punting_Punt Yds","Home_Team_Net_Punting_Opp Punt Ret Yds","Home_Team_Net_Punting_Punts","Home_Team_Net_Punting_TB","Home_Team_Net_Punting_Net Yds","Home_Team_Passes_Had_Intercepted_Rank","Home_Team_Passes_Had_Intercepted_Int","Home_Team_Passing_Offense_Rank","Home_Team_Passing_Offense_Pass Yds","Home_Team_Passing_Offense_Yds/Att","Home_Team_Passing_Offense_Yds/Comp","Home_Team_Passing_Offense_Pass TD","Home_Team_Passing_Offense_YPG","Home_Team_Passing_Yards_Allowed_Rank","Home_Team_Passing_Yards_Allowed_Opp Cpl","Home_Team_Passing_Yards_Allowed_Opp Pass","Home_Team_Passing_Yards_Allowed_Opp Pass <br/>Yds","Home_Team_Passing_Yards_Allowed_Opp Pass <br/>TDs","Home_Team_Passing_Yards_Allowed_Yds/Att","Home_Team_Passing_Yards_Allowed_Yds/Comp","Home_Team_Passing_Yards_Allowed_YPG","Home_Team_Passing_Yards_Per_Completion_Rank","Home_Team_Passing_Yards_Per_Completion_Pass Yds","Home_Team_Passing_Yards_Per_Completion_Avg","Home_Team_Punt_Return_Defense_Rank","Home_Team_Punt_Return_Defense_Opp Punt Ret","Home_Team_Punt_Return_Defense_Opp Punt Ret TDs","Home_Team_Punt_Return_Defense_Avg","Home_Team_Punt_Returns_Rank","Home_Team_Punt_Returns_Punt Ret","Home_Team_Punt_Returns_Punt Ret Yds","Home_Team_Punt_Returns_Punt Ret TDs","Home_Team_Punt_Returns_Avg","Home_Team_Red_Zone_Defense_Rank","Home_Team_Red_Zone_Defense_Opp RZAtt","Home_Team_Red_Zone_Defense_Opp RZ Rush TD","Home_Team_Red_Zone_Defense_Opp RZ Pass TD","Home_Team_Red_Zone_Defense_Opp RZ FG Made","Home_Team_Red_Zone_Defense_Opp RZScores","Home_Team_Red_Zone_Defense_Pct","Home_Team_Red_Zone_Offense_Rank","Home_Team_Red_Zone_Offense_RZAtt","Home_Team_Red_Zone_Offense_RZ Rush TD","Home_Team_Red_Zone_Offense_RZ Pass TD","Home_Team_Red_Zone_Offense_RZ FG Made","Home_Team_Red_Zone_Offense_RZScores","Home_Team_Red_Zone_Offense_Pct","Home_Team_Rushing_Defense_Rank","Home_Team_Rushing_Defense_Opp Rush","Home_Team_Rushing_Defense_Opp Rush Yds","Home_Team_Rushing_Defense_Yds/Rush","Home_Team_Rushing_Defense_Opp Rush TDs","Home_Team_Rushing_Defense_YPG","Home_Team_Rushing_Offense_Rank","Home_Team_Rushing_Offense_Rush","Home_Team_Rushing_Offense_Rush Yds","Home_Team_Rushing_Offense_Yds/Rush","Home_Team_Rushing_Offense_Rush TD","Home_Team_Rushing_Offense_YPG","Home_Team_Sacks_Allowed_Rank","Home_Team_Sacks_Allowed_Opp Sacks","Home_Team_Sacks_Allowed_Opp Sack Yds","Home_Team_Sacks_Allowed_Avg","Home_Team_Scoring_Defense_Rank","Home_Team_Scoring_Defense_TDs","Home_Team_Scoring_Defense_Opp XP","Home_Team_Scoring_Defense_2PT","Home_Team_Scoring_Defense_Opp DXP","Home_Team_Scoring_Defense_Opp FGM","Home_Team_Scoring_Defense_Opp Saf","Home_Team_Scoring_Defense_Pts","Home_Team_Scoring_Defense_Avg","Home_Team_Scoring_Offense_Rank","Home_Team_Scoring_Offense_G","Home_Team_Scoring_Offense_TDs","Home_Team_Scoring_Offense_PAT","Home_Team_Scoring_Offense_2PT","Home_Team_Scoring_Offense_Def Pts","Home_Team_Scoring_Offense_FG","Home_Team_Scoring_Offense_Saf","Home_Team_Scoring_Offense_Pts","Home_Team_Scoring_Offense_PPG","Home_Team_Tackles_For_Loss_Allowed_Rank","Home_Team_Tackles_For_Loss_Allowed_Opp <br/>STFL","Home_Team_Tackles_For_Loss_Allowed_Opp <br/>ATFL","Home_Team_Tackles_For_Loss_Allowed_Opp <br/>TFL","Home_Team_Tackles_For_Loss_Allowed_Opp <br/>Tackle Yds","Home_Team_Tackles_For_Loss_Allowed_Avg","Home_Team_Team_Passing_Efficiency_Rank","Home_Team_Team_Passing_Efficiency_Pass Att","Home_Team_Team_Passing_Efficiency_Pass Com","Home_Team_Team_Passing_Efficiency_Int","Home_Team_Team_Passing_Efficiency_Pass Yds","Home_Team_Team_Passing_Efficiency_Pass TD","Home_Team_Team_Passing_Efficiency_Pass Eff","Home_Team_Team_Passing_Efficiency_Defense_Rank","Home_Team_Team_Passing_Efficiency_Defense_Opp Int","Home_Team_Team_Passing_Efficiency_Defense_Pass Eff","Home_Team_Team_Tackles_For_Loss_Rank","Home_Team_Team_Tackles_For_Loss_STFL","Home_Team_Team_Tackles_For_Loss_ATFL","Home_Team_Team_Tackles_For_Loss_Tackle Yds","Home_Team_Team_Tackles_For_Loss_TTFL","Home_Team_Team_Tackles_For_Loss_TFLPG","Home_Team_Time_Of_Possession_Rank","Home_Team_Time_Of_Possession_G","Home_Team_Time_Of_Possession_TOP","Home_Team_Time_Of_Possession_AvgTOP","Home_Team_Total_Defense_Rank","Home_Team_Total_Defense_Plays","Home_Team_Total_Defense_YDS","Home_Team_Total_Defense_Yds/Play","Home_Team_Total_Defense_Off TDs","Home_Team_Total_Defense_Opp TDs","Home_Team_Total_Defense_YPG","Home_Team_Total_Offense_Rank","Home_Team_Total_Offense_G","Home_Team_Total_Offense_Plays","Home_Team_Total_Offense_YDS","Home_Team_Total_Offense_Yds/Play","Home_Team_Total_Offense_Off TDs","Home_Team_Total_Offense_YPG","Home_Team_Turnover_Margin_Rank","Home_Team_Turnover_Margin_Fum Rec","Home_Team_Turnover_Margin_Turn Gain","Home_Team_Turnover_Margin_Turn Lost","Home_Team_Turnover_Margin_Margin","Home_Team_Turnover_Margin_Avg","Home_Team_Turnovers_Lost_Rank","Home_Team_Turnovers_Lost_Fum Lost","Home_Team_Turnovers_Lost_Turn Lost","Home_Team_Winning_Percentage_Rank","Home_Team_Winning_Percentage_W","Home_Team_Winning_Percentage_L","Home_Team_Winning_Percentage_T","Home_Team_Winning_Percentage_Pct"
"1","Baylor","Iowa St.",0,27,3,"2-1",40,20,0.5,23,12,45,0.267,39,5,8,0.625,44,2,5,0.4,98,1,1,11,0,26,57,83,0.687,117,27,247,121,9,121,125,82.33,41,16,27,8,51,38,35,29,10,74,54,2,8,5,15,64,0,12.8,62,456,2,1,39.45,17,1,93,83,57,659,7.94,11.56,4,219.7,58,61,106,619,4,5.84,10.15,206.3,78,659,29,4,0,0.5,11,8,160,1,20,15,9,1,3,2,6,0.667,73,12,9,1,0,10,0.833,23,97,252,2.6,1,84,16,130,704,5.42,14,234.7,72,6,28,2,24,5,4,0,0,3,0,43,14.3,16,3,19,17,0,0,0,0,131,43.7,55,13,4,15,47,5,51,148.86,54,0,119.05,69,11,10,58,16,5.3,53,3,"92:15","30:45",26,203,871,4.29,5,5,290.3,45,213,1363,6.4,18,454.3,80,2,2,3,-1,-0.33,32,36,2,1,0,0.667,27,3,"3-0",46,23,0.5,12,9,38,0.237,19,3,4,0.75,44,2,5,0.4,128,3,127,13,2,5,82,111,0.739,39,17,138,42,3,17,5.67,35,36,138,46,15,14,22,4,40,56,22,41,6,69,54,2,89,11,6,235,0,21.36,114,480,12,13,1,34.46,85,3,49,777,7,9.48,8,259,25,54,105,523,2,4.98,9.69,174.3,121,777,9.48,40,5,0,2.4,100,4,18,0,4.5,15,6,1,2,1,4,0.667,82,16,4,6,3,13,0.812,5,69,180,2.61,1,60,79,109,468,4.29,4,156,25,3,25,1,11,3,3,0,0,2,0,27,9,74,3,12,11,0,0,4,0,95,31.7,24,7,8,11,36,3.67,47,111,82,3,777,8,151.05,14,4,91.94,88,12,4,70,14,4.7,7,3,"104:26","34:49",8,174,703,4.04,3,3,234.3,71,3,220,1245,5.66,12,415,23,4,8,5,3,1,71,2,5,1,3,0,0,1
"2","Bowling Green","Miss. State",1,97,3,"1-2",54,19,0.352,126,28,51,0.549,14,6,7,0.857,64,2,4,0.5,1,0,1,21,0,109,69,123,0.561,88,22,183,93,7.33,77,80,61,121,30,47,3,80,100,18,32,5,55,54,2,48,6,8,112,0,18.67,94,825,28,1,37,1,0,82,123,69,708,5.76,10.26,10,236,130,94,132,1037,8,7.86,11.03,345.7,111,708,56,7,0,4,14,2,37,1,18.5,62,16,7,4,2,13,0.812,47,10,2,5,2,9,0.9,110,119,578,4.86,8,192.7,119,97,262,2.7,3,87.3,40,4,25,1.33,128,17,16,4,0,3,0,135,45,51,3,14,12,3,0,2,0,108,36,116,14,18,23,62,7.67,85,131.28,112,3,152.66,33,18,6,96,21,7,106,3,"83:29","27:50",129,251,1615,6.43,16,17,538.3,105,220,970,4.41,13,323.3,9,4,7,2,5,1.67,17,87,1,2,0,0.333,33,3,"2-1",39,19,0.487,43,13,41,0.317,84,2,5,0.4,31,2,7,0.286,1,0,1,11,0,12,102,140,0.729,26,15,175,23,3,15,5,74,76,175,58.33,44,17,29,6,52,33,21,48,7,76,108,4,63,7,12,135,0,19.29,14,499,20,11,0,43.55,85,3,12,984,7.03,9.65,10,328,70,68,121,651,3,5.38,9.57,217,118,984,9.65,73,3,0,6.67,33,7,81,0,11.57,87,8,3,3,1,7,0.875,43,11,3,6,1,10,0.909,56,81,376,4.64,6,125.3,117,80,278,3.48,4,92.7,83,7,57,2.33,62,9,8,0,0,3,0,71,23.7,56,3,14,11,0,0,3,0,104,34.7,91,12,12,18,79,6,46,140,102,3,984,10,151.18,21,3,104.61,112,9,4,50,11,3.7,42,3,"93:08","31:03",50,202,1027,5.08,9,9,342.3,68,3,220,1262,5.74,14,420.7,102,2,5,7,-2,-0.67,104,4,7,36,2,1,0,0.667
"3","Buffalo","E. Michigan",0,65,3,"0-3",48,19,0.396,72,13,35,0.371,96,3,8,0.375,64,2,4,0.5,1,0,1,14,0,86,71,118,0.602,59,19,165,65,6.33,56,58,55,69,21,32,6,59,52,26,40,4,70,54,2,129,2,13,65,0,32.5,110,578,51,2,34.79,46,2,67,118,71,743,6.3,10.46,5,247.7,105,55,82,818,6,9.98,14.87,272.7,105,743,113,4,0,12.75,82,2,13,0,6.5,91,9,5,2,1,8,0.889,47,10,2,3,4,9,0.9,114,99,589,5.95,7,196.3,109,113,326,2.88,2,108.7,120,10,65,3.33,112,14,13,0,0,3,0,106,35.3,106,3,7,7,0,0,6,0,67,22.3,116,19,8,23,98,7.67,101,123.65,127,1,172.58,112,11,0,37,11,3.7,21,3,"99:39","33:13",124,181,1407,7.77,13,14,469,95,231,1069,4.63,7,356.3,47,4,5,4,1,0.33,48,126,0,3,0,0,12,3,"2-1",40,22,0.55,129,22,38,0.579,58,1,2,0.5,64,1,2,0.5,1,0,1,9,0,48,67,103,0.65,80,21,186,83,3,21,7,79,82,186,62,104,21,42,7,70,47,29,33,9,71,82,3,91,9,7,194,0,21.56,99,393,45,9,1,36.44,119,5,64,744,7.22,11.1,6,248,116,77,116,843,9,7.27,10.95,281,90,744,11.1,128,2,0,22.5,103,3,13,0,4.33,73,13,3,7,1,11,0.846,1,13,6,5,2,13,1,82,86,460,5.35,5,153.3,76,107,470,4.39,6,156.7,96,8,54,2.67,109,14,14,0,0,2,0,104,34.7,77,3,12,12,0,0,3,0,93,31,55,13,4,15,73,5,81,103,67,5,744,6,135.24,108,1,151.3,131,4,2,8,5,1.7,50,3,"92:37","30:52",112,202,1303,6.45,14,14,434.3,79,3,210,1214,5.78,12,404.7,123,2,3,8,-5,-1.67,114,3,8,36,2,1,0,0.667
"4","Clemson","Wake Forest",0,42,3,"3-0",41,19,0.463,60,17,49,0.347,1,3,3,1,33,2,6,0.333,1,0,1,15,0,71,65,104,0.625,26,15,115,23,5,20,17,38.33,27,13,30,3,46,56,31,31,7,69,82,3,18,2,21,31,0,15.5,92,617,57,0,37.33,17,1,76,104,65,729,7.01,11.22,6,243,86,77,119,734,3,6.17,9.53,244.7,87,729,92,6,0,9.5,71,7,52,0,7.43,53,9,1,2,4,7,0.778,1,18,9,5,4,18,1,6,84,204,2.43,1,68,57,107,546,5.1,10,182,59,5,30,1.67,21,4,3,0,0,5,0,42,14,25,3,16,16,0,0,4,0,124,41.3,24,9,4,11,44,3.67,74,138.5,44,5,116.43,12,20,12,73,26,8.7,80,3,"87:29","29:10",35,203,938,4.62,4,4,312.7,64,211,1275,6.04,16,425,23,2,7,4,3,1,48,1,3,0,0,1,63,3,"3-0",45,18,0.4,7,10,48,0.208,84,2,5,0.4,115,6,8,0.75,98,1,111,13,1,47,68,104,0.654,69,20,170,75,3,20,6.67,64,66,170,56.67,27,19,23,4,46,85,17,39,5,61,25,1,33,14,8,248,0,17.71,93,483,0,13,0,37.15,46,2,22,919,8.84,13.51,10,306.3,39,54,99,578,5,5.84,10.7,192.7,35,919,13.51,13,0,0,0,50,8,78,0,9.75,114,6,1,3,2,6,1,25,17,2,7,7,16,0.941,57,106,377,3.56,3,125.7,97,107,384,3.59,4,128,83,7,29,2.33,62,8,5,2,0,4,1,71,23.7,21,3,15,15,0,0,7,0,126,42,77,10,14,17,43,5.67,25,104,68,2,919,10,167.5,33,4,112.17,22,16,14,95,23,7.7,89,3,"86:32","28:51",38,205,955,4.66,8,8,318.3,57,3,211,1303,6.18,14,434.3,9,4,8,3,5,1.67,32,1,3,1,3,0,0,1
"5","Duke","Kansas",1,51,3,"3-0",28,12,0.429,90,18,45,0.4,1,2,2,1,59,4,9,0.444,1,0,1,7,0,7,53,72,0.736,59,19,190,65,6.33,87,89,63.33,69,20,32,7,59,70,32,30,4,66,1,0,9,3,17,39,0,13,25,328,9,1,42.71,46,2,56,72,53,766,10.64,14.45,5,255.3,78,63,111,686,3,6.18,10.89,228.7,20,766,44,3,0,3,68,4,30,0,7.5,39,8,2,2,2,6,0.75,85,15,6,3,3,12,0.8,51,104,358,3.44,2,119.3,36,105,615,5.86,8,205,25,3,28,1,24,5,4,0,0,3,0,43,14.3,45,3,14,14,0,0,4,0,110,36.7,14,7,6,10,43,3.33,13,180.34,42,1,115.79,22,16,14,84,23,7.7,93,3,"85:33","28:31",56,215,1044,4.86,5,5,348,44,177,1381,7.8,13,460.3,9,6,7,2,5,1.67,17,1,3,0,0,1,2,3,"3-0",35,24,0.686,100,19,45,0.422,29,2,3,0.667,119,4,5,0.8,1,0,1,4,0,34,48,71,0.676,13,12,135,10,3,12,4,33,34,135,45,93,20,39,8,67,52,31,32,7,70,54,2,68,7,15,137,0,19.57,9,175,0,4,0,43.75,17,1,102,582,8.2,12.12,7,194,86,64,96,734,5,7.65,11.47,244.7,67,582,12.12,13,1,0,0,131,1,-3,0,-3,51,13,4,2,4,10,0.769,20,20,11,6,2,19,0.95,67,120,413,3.44,5,137.7,7,109,777,7.13,13,259,1,0,0,0,83,10,8,1,0,4,0,82,27.3,3,3,22,21,0,0,2,0,159,53,24,9,4,11,29,3.67,27,71,48,1,582,7,166.18,93,3,141.83,51,16,4,59,18,6,107,3,"83:24","27:48",83,216,1147,5.31,10,10,382.3,47,3,180,1359,7.55,20,453,36,2,5,3,2,0.67,32,2,3,1,3,0,0,1
"6","Kent St.","Georgia",1,12,3,"1-2",40,22,0.55,88,17,43,0.395,100,1,3,0.333,85,4,7,0.571,1,0,1,9,0,105,36,63,0.571,88,22,188,93,7.33,84,87,62.67,86,22,38,5,65,61,37,26,5,68,54,2,38,7,4,125,0,17.86,75,393,49,0,38.22,103,4,110,63,36,527,8.37,14.64,4,175.7,123,66,98,884,8,9.02,13.39,294.7,17,527,129,2,0,24.5,30,3,36,1,12,63,11,2,4,3,9,0.818,69,13,6,2,3,11,0.846,58,108,378,3.5,3,126,23,139,664,4.78,6,221.3,40,4,22,1.33,92,11,11,0,0,3,1,88,29.3,82,3,11,11,0,0,3,0,86,28.7,104,15,10,20,65,6.67,80,135.66,125,0,170.06,51,16,4,45,18,6,78,3,"88:10","29:23",103,206,1262,6.13,11,11,420.7,81,202,1191,5.9,10,397,123,1,1,6,-5,-1.67,95,87,1,2,0,0.333,5,3,"3-0",32,19,0.594,30,12,41,0.293,119,0,0,0,85,4,7,0.571,1,0,1,6,0,13,80,110,0.727,22,14,120,19,3,14,4.67,22,21,120,40,17,17,20,4,41,18,26,51,4,81,1,0,25,2,21,34,0,17,40,270,21,6,0,41.5,1,0,3,1130,10.27,14.12,7,376.7,17,56,97,496,1,5.11,8.86,165.3,24,1130,14.12,125,1,0,21,63,5,40,0,8,2,4,0,1,1,2,0.5,20,20,9,5,5,19,0.95,20,78,251,3.22,0,83.7,80,92,467,5.08,9,155.7,6,1,17,0.33,1,1,1,0,0,1,0,10,3.3,17,3,16,16,0,0,6,0,130,43.3,1,3,2,4,25,1.33,14,110,80,0,1130,7,180.02,15,5,93.78,88,13,2,36,14,4.7,11,3,"102:26","34:09",13,175,747,4.27,1,1,249,6,3,202,1597,7.91,16,532.3,4,1,6,0,6,2,1,0,0,1,3,0,0,1
"7","Maryland","Michigan",1,44,3,"3-0",35,16,0.457,68,20,55,0.364,19,3,4,0.75,55,6,14,0.429,1,0,1,11,0,1,72,92,0.783,128,31,271,129,10.33,127,129,90.33,110,25,36,11,72,91,19,38,1,58,54,2,30,3,18,53,0,17.67,38,540,41,2,41.73,46,2,20,92,72,930,10.11,12.92,7,310,106,75,141,821,6,5.82,10.95,273.7,41,930,100,4,0,10.25,30,5,60,0,12,15,12,1,5,2,8,0.667,1,11,5,4,2,11,1,49,108,355,3.29,1,118.3,54,92,567,6.16,9,189,40,4,24,1.33,43,7,7,0,0,3,0,58,19.3,29,3,16,16,0,0,3,0,121,40.3,55,11,8,15,46,5,10,183.93,35,2,113.31,100,13,0,69,13,4.3,101,3,"84:30","28:10",88,249,1176,4.72,7,7,392,20,184,1497,8.14,16,499,80,1,3,4,-1,-0.33,48,1,3,0,0,1,35,3,"3-0",29,14,0.483,15,11,44,0.25,1,2,2,1,15,1,7,0.143,1,0,1,9,0,6,56,76,0.737,3,8,69,1,3,8,2.67,4,3,69,23,4,16,15,2,33,38,39,34,1,74,1,0,100,1,21,23,0,23,2,414,0,9,0,46,17,1,41,799,10.51,14.27,5,266.3,3,34,77,274,1,3.56,8.06,91.3,22,799,14.27,13,2,0,0,28,12,149,1,12.42,2,2,0,0,1,1,0.5,1,20,13,3,4,20,1,38,104,308,2.96,1,102.7,17,116,694,5.98,15,231.3,59,5,32,1.67,4,2,2,0,0,1,0,17,5.7,1,3,22,22,0,0,4,0,166,55.3,8,8,2,9,45,3,12,76,56,1,799,5,181.07,1,1,75.74,51,15,6,81,18,6,57,3,"91:57","30:39",3,181,582,3.22,2,2,194,21,3,192,1493,7.78,20,497.7,36,2,3,1,2,0.67,6,0,1,1,3,0,0,1
"8","Missouri","Auburn",1,67,3,"2-1",43,17,0.395,31,13,44,0.295,29,2,3,0.667,44,2,5,0.4,1,0,1,15,0,73,57,92,0.62,117,27,231,121,9,113,118,77,33,19,24,5,48,85,29,26,6,61,54,2,4,3,16,26,0,8.67,122,621,119,1,32.13,119,5,92,92,57,660,7.17,11.58,4,220,63,55,98,636,4,6.49,11.56,212,76,660,131,2,1,59.5,3,4,111,1,27.75,77,7,2,0,4,6,0.857,101,13,5,3,2,10,0.769,48,92,352,3.83,4,117.3,43,126,607,4.82,6,202.3,25,3,14,1,79,10,9,0,0,4,0,81,27,66,3,12,11,0,0,5,0,98,32.7,125,24,4,26,86,8.67,94,125.7,43,4,115.94,100,13,0,53,13,4.3,38,3,"93:41","31:14",43,190,988,5.2,8,10,329.3,65,218,1267,5.81,10,422.3,80,2,6,7,-1,-0.33,104,36,2,1,0,0.667,79,3,"2-1",34,13,0.382,91,17,42,0.405,29,4,6,0.667,1,0,1,0,1,0,1,7,0,99,48,82,0.585,59,19,166,65,3,19,6.33,58,60,166,55.33,56,14,37,4,55,76,29,32,2,63,54,2,34,4,7,71,0,17.75,51,285,0,7,0,40.71,123,6,87,676,8.24,14.08,2,225.3,81,62,99,704,2,7.11,11.35,234.7,26,676,14.08,13,0,0,0,42,8,87,0,10.88,108,13,5,2,5,12,0.923,73,12,7,1,2,10,0.833,55,99,373,3.77,6,124.3,40,115,614,5.34,8,204.7,96,8,47,2.67,66,8,7,0,0,6,0,73,24.3,91,3,10,9,0,0,3,0,78,26,77,13,8,17,64,5.67,104,82,48,6,676,2,121.2,73,0,129.03,104,12,0,46,12,4,103,3,"84:11","28:04",66,198,1077,5.44,8,8,359,61,3,197,1290,6.55,10,430,130,0,0,8,-8,-2.67,114,2,8,36,2,1,0,0.667
"9","South Florida","Louisville",1,86,3,"1-2",35,13,0.371,119,19,38,0.5,24,5,7,0.714,64,2,4,0.5,1,0,1,8,0,115,46,86,0.535,26,15,138,23,5,35,36,46,96,30,32,6,68,100,29,23,3,55,25,1,54,1,16,19,0,19,96,321,7,1,36.75,103,4,112,86,46,507,5.9,11.02,0,169,59,63,87,623,2,7.16,9.89,207.7,91,507,76,1,0,7,37,3,34,0,11.33,39,12,5,1,3,9,0.75,73,12,9,0,1,10,0.833,123,107,697,6.51,9,232.3,42,99,612,6.18,11,204,6,1,0,0.33,107,13,12,0,0,3,1,101,33.7,79,3,12,11,1,0,2,0,91,30.3,8,7,4,9,11,3,123,93.71,78,4,130.96,29,19,6,84,22,7.3,110,3,"82:40","27:33",115,194,1320,6.8,11,13,440,89,185,1119,6.05,11,373,47,2,6,5,1,0.33,71,87,1,2,0,0.333,91,3,"1-2",39,14,0.359,83,16,41,0.39,108,2,7,0.286,1,0,2,0,1,0,1,12,0,82,52,86,0.605,125,30,229,126,3,30,10,110,116,229,76.33,79,30,25,7,62,89,25,29,5,59,108,4,16,3,10,45,0,15,35,562,57,12,0,42.08,85,3,97,641,7.45,12.33,1,213.7,66,54,87,638,6,7.33,11.81,212.7,62,641,12.33,81,7,0,8.14,104,7,30,0,4.29,15,15,5,4,1,10,0.667,110,11,4,1,3,8,0.727,117,115,605,5.26,5,201.7,36,120,615,5.12,6,205,96,8,35,2.67,76,11,11,0,0,1,0,80,26.7,113,3,7,7,0,0,3,0,58,19.3,68,12,8,16,52,5.33,108,86,52,3,641,1,119.93,91,3,139.53,22,17,12,78,23,7.7,75,3,"88:55","29:38",101,202,1243,6.15,11,11,414.3,69,3,206,1256,6.1,7,418.7,119,0,3,7,-4,-1.33,104,4,7,87,1,2,0,0.333
"10","TCU","SMU",0,20,2,"2-0",23,12,0.522,81,10,26,0.385,1,4,4,1,1,0,3,0,1,0,1,4,0,3,43,57,0.754,5,10,80,23,5,7,21,40,4,13,19,1,33,121,18,27,0,45,25,1,117,3,14,78,0,26,57,161,0,0,40.25,1,0,27,57,43,588,10.32,13.67,5,294,73,37,67,445,2,6.64,12.03,222.5,32,588,13,0,0,0,4,3,72,1,24,39,4,1,0,2,3,0.75,73,12,4,4,2,10,0.833,35,57,198,3.47,1,99,19,67,455,6.79,7,227.5,1,0,0,0,31,3,3,0,0,3,0,30,15,9,2,13,11,1,0,2,0,97,48.5,2,3,2,4,13,2,7,191.04,40,2,114.9,98,7,4,27,9,4.5,55,2,"61:24","30:42",39,124,643,5.19,3,3,321.5,9,124,1043,8.41,12,521.5,45,0,2,1,1,0.5,6,1,2,0,0,1,20,3,"2-1",46,24,0.522,25,13,48,0.271,84,2,5,0.4,82,5,9,0.556,1,0,1,8,0,76,76,124,0.613,26,15,139,23,3,15,5,39,40,139,46.33,47,24,24,5,53,33,22,46,8,76,108,4,111,7,16,174,0,24.86,12,361,12,8,0,43.62,103,4,10,1040,8.39,13.68,10,346.7,41,46,90,582,2,6.47,12.65,194,31,1040,13.68,110,1,0,12,85,6,38,0,6.33,39,12,3,1,5,9,0.75,82,16,4,6,3,13,0.812,103,128,531,4.15,4,177,63,104,509,4.89,5,169.7,40,4,36,1.33,47,6,6,0,0,6,0,60,20,30,3,15,15,0,0,5,0,120,40,31,11,2,12,55,4,43,124,76,4,1040,10,151.9,23,3,106.1,63,14,6,68,17,5.7,126,3,"75:02","25:01",74,218,1113,5.11,6,6,371,12,3,228,1549,6.79,15,516.3,80,4,7,8,-1,-0.33,114,4,8,36,2,1,0,0.667
"11","UCLA","Colorado",0,23,3,"3-0",41,21,0.512,80,18,47,0.383,19,3,4,0.75,44,2,5,0.4,98,1,111,6,1,11,78,107,0.729,59,19,167,65,6.33,60,63,55.67,35,18,27,4,49,20,34,39,7,80,82,3,69,5,18,98,0,19.6,129,186,11,0,29.17,46,2,26,107,78,885,8.27,11.35,7,295,45,61,104,585,3,5.62,9.59,195,83,885,13,0,1,0,83,5,32,0,6.4,77,7,3,1,2,6,0.857,72,19,7,4,5,16,0.842,31,95,286,3.01,3,95.3,33,120,633,5.28,8,211,13,2,8,0.67,39,7,7,0,0,2,0,55,18.3,27,3,15,14,0,0,6,0,122,40.7,14,7,6,10,22,3.33,31,160.22,28,3,109.65,69,12,8,67,16,5.3,71,3,"89:27","29:49",26,199,871,4.38,6,7,290.3,16,227,1518,6.69,15,506,47,3,6,5,1,0.33,71,1,3,0,0,1,128,3,"0-3",38,8,0.211,129,22,38,0.579,84,4,10,0.4,93,3,5,0.6,1,0,1,17,0,125,41,86,0.477,17,13,105,14,3,13,4.33,15,12,105,35,107,55,14,2,71,125,23,17,2,42,82,3,1,0,9,0,0,0,115,690,86,17,1,34.35,17,1,124,376,4.37,9.17,2,125.3,5,28,48,312,3,6.5,11.14,104,123,376,9.17,116,6,1,14.33,40,1,11,0,11,77,14,9,2,1,12,0.857,126,5,0,1,2,3,0.6,131,152,1044,6.87,13,348,100,95,360,3.79,1,120,72,6,50,2,127,17,17,0,0,3,0,128,42.7,129,3,3,3,0,0,3,0,30,10,45,13,2,14,62,4.67,125,86,41,1,376,2,89.75,74,1,129.39,112,9,4,33,11,3.7,115,3,"78:49","26:16",119,200,1356,6.78,16,17,452,127,3,181,736,4.07,3,245.3,70,3,4,4,0,0,48,3,4,126,0,3,0,0
"12","UMass","Temple",1,92,3,"1-2",53,19,0.358,38,10,33,0.303,27,7,10,0.7,64,4,8,0.5,1,0,1,18,0,123,23,47,0.489,99,24,225,104,8,106,112,75,83,26,24,13,63,125,31,10,1,42,25,1,12,6,4,82,0,13.67,131,542,66,1,25.33,103,4,131,47,23,170,3.62,7.39,1,56.7,35,41,82,556,3,6.78,13.56,185.3,131,170,114,5,0,13.2,26,2,25,0,12.5,77,14,8,2,2,12,0.857,1,6,2,1,3,6,1,107,107,557,5.21,10,185.7,55,155,564,3.64,2,188,25,3,19,1,104,13,13,0,0,3,0,100,33.3,125,3,4,4,0,0,4,0,40,13.3,77,13,8,17,50,5.67,130,69.32,38,2,114.15,124,8,4,30,10,3.3,29,3,"96:25","32:08",74,189,1113,5.89,13,13,371,128,202,734,3.63,3,244.7,102,1,3,5,-2,-0.67,71,87,1,2,0,0.333,114,3,"1-2",42,13,0.31,6,8,39,0.205,100,3,9,0.333,119,4,5,0.8,1,0,1,15,0,106,50,88,0.568,13,12,120,10,3,12,4,22,21,120,40,24,20,21,3,44,124,18,22,3,43,120,5,7,4,2,50,0,12.5,76,591,-1,15,1,38.13,17,1,108,544,6.18,10.88,3,181.3,15,46,64,470,4,7.34,10.22,156.7,96,544,10.88,8,2,0,-0.5,123,4,2,0,0.5,15,12,1,3,4,8,0.667,1,5,3,2,0,5,1,46,115,341,2.97,1,113.7,120,99,260,2.63,3,86.7,13,2,14,0.67,47,6,6,0,0,6,0,60,20,122,3,6,6,0,0,0,1,44,14.7,45,9,10,14,64,4.67,110,88,50,1,544,3,117.72,114,0,154.19,5,23,10,103,28,9.3,129,3,"73:13","24:24",18,179,811,4.53,5,6,270.3,125,3,187,804,4.3,6,268,126,0,0,6,-6,-2,95,5,6,87,1,2,0,0.333
"13","FIU","W. Kentucky",1,121,2,"1-1",33,9,0.273,125,18,33,0.545,56,5,9,0.556,126,2,2,1,1,0,1,11,0,85,65,108,0.602,26,15,130,98,7.5,28,92,65,35,20,25,4,49,121,9,30,6,45,25,1,127,5,3,149,0,29.8,78,494,55,1,38.09,46,2,34,108,65,561,5.19,8.63,5,280.5,120,44,71,575,5,8.1,13.07,287.5,127,561,103,5,0,11,68,2,15,0,7.5,39,8,3,1,2,6,0.75,93,9,1,4,2,7,0.778,101,80,347,4.34,4,173.5,125,48,129,2.69,1,64.5,72,4,27,2,122,10,9,0,0,3,0,78,39,98,2,6,3,1,0,3,0,50,25,115,12,6,15,61,7.5,111,115.39,106,1,150.42,45,12,2,53,13,6.5,128,2,"49:40","24:50",121,151,922,6.11,9,10,461,99,156,690,4.42,6,345,45,3,4,3,1,0.5,32,81,1,1,0,0.5,113,3,"2-1",35,11,0.314,41,16,51,0.314,58,2,4,0.5,64,5,10,0.5,98,1,1,12,0,29,75,110,0.682,88,22,236,93,3,22,7.33,116,121,236,78.67,93,29,31,7,67,61,22,37,9,68,54,2,32,10,10,177,0,17.7,41,533,36,12,0,41.42,85,3,29,880,8,11.73,9,293.3,102,74,120,792,4,6.6,10.7,264,71,880,11.73,84,4,0,9,98,6,29,0,4.83,73,13,4,2,5,11,0.846,85,15,4,4,4,12,0.8,54,119,371,3.12,4,123.7,82,97,465,4.79,4,155,13,2,15,0.67,70,8,6,1,0,7,0,77,25.7,33,3,15,15,0,0,4,0,117,39,31,10,4,12,43,4,37,110,75,3,880,9,156.93,45,7,116.44,22,20,6,94,23,7.7,95,3,"85:27","28:29",87,239,1163,4.87,8,8,387.7,51,3,207,1345,6.5,13,448.3,4,4,11,5,6,2,71,2,5,36,2,1,0,0.667
"14","Florida","Tennessee",1,74,3,"2-1",36,14,0.389,117,20,41,0.488,42,3,5,0.6,64,2,4,0.5,1,0,1,10,0,116,41,77,0.532,33,16,114,34,5.33,18,15,38,86,36,28,1,65,108,29,19,4,52,25,1,88,6,8,128,0,21.33,54,443,38,0,40.5,103,4,121,77,41,423,5.49,10.32,0,141,27,47,84,534,2,6.36,11.36,178,110,423,92,4,0,9.5,123,2,1,0,0.5,38,15,6,1,4,11,0.733,57,8,6,0,1,7,0.875,113,123,586,4.76,6,195.3,32,99,636,6.42,8,212,13,2,12,0.67,76,9,6,1,0,6,0,80,26.7,96,3,9,7,2,0,3,1,76,25.3,8,7,4,9,27,3,126,89,27,4,107.69,112,8,6,29,11,3.7,119,3,"78:00","26:00",77,207,1120,5.41,8,9,373.3,98,176,1059,6.02,8,353,70,1,5,5,0,0,71,36,2,1,0,0.667,62,3,"3-0",42,17,0.405,9,10,45,0.222,11,8,9,0.889,55,3,7,0.429,98,1,111,10,1,14,74,102,0.725,99,24,236,104,3,24,8,116,121,236,78.67,73,15,39,7,61,20,33,39,8,80,82,3,87,11,11,232,0,21.09,98,391,6,10,1,36.5,1,0,5,1114,10.92,15.05,9,371.3,100,82,133,784,3,5.89,9.56,261.3,14,1114,15.05,13,0,0,0,68,4,30,0,7.5,27,10,0,2,5,7,0.7,1,15,12,1,2,15,1,19,90,250,2.78,1,83.3,56,131,547,4.18,12,182.3,59,5,19,1.67,24,4,4,0,0,5,0,43,14.3,4,3,21,21,0,0,3,0,156,52,14,7,6,10,44,3.33,5,102,74,0,1114,9,193.41,37,3,114.1,29,21,2,99,22,7.3,121,3,"77:09","25:43",51,223,1034,4.64,4,4,344.7,3,3,233,1661,7.13,21,553.7,23,3,6,3,3,1,32,3,3,1,3,0,0,1
"15","Indiana","Cincinnati",1,40,3,"3-0",49,23,0.469,108,21,47,0.447,84,2,5,0.4,20,1,5,0.2,1,0,1,12,0,107,77,136,0.566,13,12,125,10,4,25,25,41.67,96,32,30,6,68,56,21,39,9,69,82,3,28,3,12,52,0,17.33,83,518,44,1,37.83,46,2,24,136,77,891,6.55,11.57,5,297,93,67,104,765,7,7.36,11.42,255,77,891,83,5,0,8.8,106,1,4,0,4,51,13,1,4,5,10,0.769,112,14,4,2,4,10,0.714,108,134,558,4.16,1,186,96,97,391,4.03,5,130.3,40,4,29,1.33,64,8,6,0,0,6,0,72,24,79,3,10,6,1,0,7,1,91,30.3,68,13,6,16,62,5.33,105,120.84,100,2,144.58,33,14,14,93,21,7,130,3,"73:08","24:23",116,238,1323,5.56,8,8,441,62,233,1282,5.5,10,427.3,47,4,6,5,1,0.33,71,1,3,0,0,1,17,3,"2-1",38,20,0.526,66,17,47,0.362,1,1,1,1,1,0,4,0,1,0,1,11,0,18,73,102,0.716,125,30,254,126,3,30,10,125,128,254,84.67,41,23,22,6,51,41,23,45,5,73,108,4,22,1,13,16,0,16,5,528,37,11,0,44.64,46,2,16,959,9.4,13.14,7,319.7,11,34,62,450,5,7.26,13.24,150,40,959,13.14,89,4,0,9.25,24,5,69,0,13.8,91,9,2,3,3,8,0.889,34,13,6,4,2,12,0.923,73,142,433,3.05,2,144.3,72,97,482,4.97,8,160.7,96,8,73,2.67,43,7,7,0,0,3,0,58,19.3,23,3,17,17,0,0,2,0,125,41.7,45,13,2,14,83,4.67,23,102,73,2,959,7,169.27,82,2,135.97,22,18,10,79,23,7.7,100,3,"84:32","28:11",29,204,883,4.33,7,7,294.3,29,3,199,1441,7.24,15,480.3,70,4,6,6,0,0,95,4,6,36,2,1,0,0.667
"16","James Madison","App. St.",0,9,2,"2-0",27,15,0.556,10,6,26,0.231,58,2,4,0.5,1,0,1,0,98,1,1,7,0,25,40,58,0.69,9,11,111,40,5.5,16,62,55.5,1,3,13,4,20,93,30,23,3,56,1,0,10,4,7,53,0,13.25,82,285,0,1,37.86,1,0,53,58,40,514,8.86,12.85,10,257,13,28,55,310,2,5.64,11.07,155,44,514,13,0,0,0,43,6,64,0,10.67,1,1,0,0,0,0,0,69,13,5,6,0,11,0.846,1,54,16,0.3,0,8,9,96,496,5.17,5,248,25,2,16,1,7,2,2,0,0,0,0,14,7,2,2,15,15,0,0,0,1,107,53.5,103,10,6,13,44,6.5,3,200.3,26,1,106.62,1,16,14,82,23,11.5,13,2,"67:32","33:46",1,109,326,2.99,2,2,163,17,154,1010,6.56,15,505,17,2,3,0,3,1.5,1,1,2,0,0,1,37,3,"2-1",48,23,0.479,122,17,33,0.515,38,7,11,0.636,101,2,3,0.667,1,0,1,7,0,72,63,101,0.624,47,18,186,51,3,18,6,79,82,186,62,85,19,38,7,64,13,34,37,11,82,1,0,131,5,12,229,2,45.8,39,292,1,7,0,41.57,17,1,46,790,7.82,12.54,10,263.3,88,60,93,751,4,8.08,12.52,250.3,55,790,12.54,30,1,0,1,29,3,37,0,12.33,91,9,6,2,0,8,0.889,73,12,3,5,2,10,0.833,47,82,344,4.2,8,114.7,34,129,624,4.84,5,208,25,3,16,1,110,14,13,1,0,2,0,105,35,45,3,15,12,0,0,2,1,110,36.7,14,4,12,10,41,3.33,34,101,63,1,790,10,158.77,99,1,144.39,78,10,10,61,15,5,6,3,"105:40","35:13",72,175,1095,6.26,12,14,365,39,3,230,1414,6.15,15,471.3,23,3,4,1,3,1,6,0,1,36,2,1,0,0.667
"17","Minnesota","Michigan St.",0,1,3,"3-0",40,31,0.775,1,4,34,0.118,58,1,2,0.5,85,4,7,0.571,1,0,1,3,0,33,46,68,0.676,5,10,88,3,3.33,9,5,29.33,2,13,13,2,28,4,59,31,4,94,25,1,100,3,22,69,0,23,119,101,0,0,33.67,17,1,78,68,46,726,10.68,15.78,4,242,4,30,68,302,2,4.44,10.07,100.7,9,726,13,0,0,0,99,3,14,0,4.67,114,2,0,1,1,2,1,22,19,14,2,2,18,0.947,9,74,209,2.82,0,69.7,2,161,938,5.83,16,312.7,13,2,11,0.67,4,2,2,0,0,1,0,17,5.7,8,3,20,20,0,0,3,0,149,49.7,24,7,8,11,27,3.67,19,173.8,10,2,85.25,88,14,0,71,14,4.7,1,3,"119:44","39:55",2,142,511,3.6,2,2,170.3,2,229,1664,7.27,20,554.7,47,1,3,2,1,0.33,17,1,3,0,0,1,43,3,"2-1",39,18,0.462,53,16,48,0.333,42,6,10,0.6,85,4,7,0.571,1,0,1,10,0,65,63,99,0.636,17,13,111,14,3,13,4.33,16,14,111,37,62,15,38,4,57,41,27,37,9,73,25,1,54,11,6,209,0,19,4,527,38,10,2,44.9,103,4,44,792,8,12.57,8,264,103,65,111,793,4,7.14,12.2,264.3,52,792,12.57,92,4,0,9.5,56,6,55,0,9.17,34,11,2,3,3,8,0.727,38,12,8,3,0,11,0.917,26,100,269,2.69,2,89.7,66,109,499,4.58,8,166.3,40,4,34,1.33,35,6,5,0,0,3,1,52,17.3,36,3,16,12,2,0,1,0,115,38.3,14,9,2,10,50,3.33,50,99,63,4,792,8,149.42,77,0,130.46,33,14,14,108,21,7,98,3,"84:44","28:15",61,211,1062,5.03,6,6,354,60,3,208,1291,6.21,16,430.3,47,6,6,5,1,0.33,71,1,5,36,2,1,0,0.667
"18","Middle Tenn.","Miami (Fla.)",0,81,3,"2-1",45,17,0.378,74,16,43,0.372,29,4,6,0.667,33,2,6,0.333,1,0,1,17,0,9,71,97,0.732,33,16,152,34,5.33,49,52,50.67,73,23,32,6,61,103,16,28,9,53,54,2,81,12,4,250,0,20.83,100,718,62,2,36.24,46,2,101,97,71,585,6.03,8.24,4,195,79,59,92,692,10,7.52,11.73,230.7,128,585,101,6,0,10.33,10,2,41,1,20.5,9,9,0,5,0,5,0.556,47,10,5,2,2,9,0.9,42,113,312,2.76,0,104,104,113,347,3.07,6,115.7,96,8,36,2.67,60,10,7,0,0,0,1,69,23,81,3,12,12,0,0,2,0,90,30,130,24,20,34,105,11.33,83,133.34,115,4,154.49,7,19,16,135,27,9,68,3,"89:56","29:59",46,205,1004,4.9,10,10,334.7,112,210,932,4.44,10,310.7,36,2,6,4,2,0.67,48,36,2,1,0,0.667,10,3,"2-1",38,21,0.553,65,14,39,0.359,119,0,2,0,1,0,0,0,98,1,1,6,0,40,63,95,0.663,69,20,170,75,3,20,6.67,64,66,170,56.67,17,12,25,4,41,13,39,38,5,82,82,3,66,5,17,97,0,19.4,6,276,9,6,0,44.5,17,1,51,774,8.15,12.29,3,258,47,40,74,596,3,8.05,14.9,198.7,63,774,12.29,38,4,0,2.25,72,5,37,0,7.4,15,6,1,0,3,4,0.667,54,18,9,2,5,16,0.889,20,84,251,2.99,1,83.7,27,127,654,5.15,9,218,40,4,20,1.33,16,4,4,0,0,3,0,37,12.3,49,3,13,13,0,0,6,0,109,36.3,31,9,6,12,37,4,65,95,63,1,774,3,143.07,65,4,124.28,39,15,10,75,20,6.7,15,3,"100:56","33:39",24,158,847,5.36,4,4,282.3,34,3,222,1428,6.43,12,476,36,2,6,4,2,0.67,48,3,4,36,2,1,0,0.667
"19","Notre Dame","North Carolina",0,123,3,"1-2",38,10,0.263,69,15,41,0.366,58,2,4,0.5,27,1,4,0.25,1,0,1,19,0,81,48,79,0.608,39,17,157,42,5.67,52,54,52.33,73,30,25,6,61,116,19,24,8,51,25,1,99,3,7,68,0,22.67,18,858,17,1,43.21,85,3,107,79,48,548,6.94,11.42,3,182.7,34,56,92,552,4,6,9.86,184,82,548,57,4,0,4.25,72,5,37,0,7.4,114,9,3,3,3,9,1,1,7,4,2,1,7,1,95,116,503,4.34,3,167.7,102,108,353,3.27,4,117.7,83,7,43,2.33,53,8,7,0,0,3,0,64,21.3,115,3,7,5,1,0,2,0,55,18.3,37,8,10,13,52,4.33,98,123.96,67,0,125.62,51,10,16,84,18,6,72,3,"89:16","29:45",59,208,1055,5.07,7,8,351.7,114,187,901,4.82,7,300.3,119,0,0,4,-4,-1.33,48,87,1,2,0,0.333,34,3,"1-2",37,18,0.486,124,21,39,0.538,110,1,4,0.25,101,4,6,0.667,1,0,1,9,0,58,51,79,0.646,80,21,197,83,3,21,7,91,94,197,65.67,102,21,43,5,69,100,20,28,7,55,1,0,15,9,8,133,0,14.78,77,412,69,9,0,38.11,46,2,95,654,8.28,12.82,7,218,118,62,95,853,11,8.98,13.76,284.3,45,654,12.82,106,6,0,11.5,107,2,7,0,3.5,114,13,2,7,4,13,1,1,9,4,4,1,9,1,77,106,445,4.2,2,148.3,83,102,464,4.55,6,154.7,6,1,1,0.33,108,13,13,0,0,4,0,103,34.3,68,3,13,13,0,0,2,0,97,32.3,37,7,12,13,26,4.33,35,79,51,2,654,7,158.27,128,3,172.58,112,7,8,40,11,3.7,63,3,"90:42","30:14",111,201,1298,6.46,13,13,432.7,90,3,181,1118,6.18,13,372.7,23,2,5,2,3,1,17,0,2,87,1,2,0,0.333
"20","North Texas","Memphis",1,7,3,"3-0",39,22,0.564,69,15,41,0.366,51,4,7,0.571,115,3,4,0.75,1,0,1,9,0,8,72,98,0.735,80,21,225,83,7,106,112,75,119,34,35,10,79,13,32,44,6,82,82,3,119,4,23,106,0,26.5,1,462,26,0,48.44,17,1,20,98,72,930,9.49,12.92,11,310,111,69,99,826,11,8.34,11.97,275.3,41,930,72,4,0,6.5,23,5,70,0,14,114,7,2,4,1,7,1,43,11,5,5,0,10,0.909,111,124,579,4.67,4,193,13,119,712,5.98,9,237.3,72,6,19,2,119,15,12,1,0,3,0,113,37.7,6,3,21,20,1,0,2,0,154,51.3,68,8,16,16,44,5.33,8,188.18,126,2,172.41,88,10,8,54,14,4.7,83,3,"87:18","29:06",123,223,1405,6.3,15,15,468.3,5,217,1642,7.57,20,547.3,80,1,3,4,-1,-0.33,48,1,3,0,0,1,54,3,"2-1",40,17,0.425,128,25,44,0.568,58,4,8,0.5,85,4,7,0.571,1,0,1,10,0,39,62,93,0.667,80,21,168,83,3,21,7,62,64,168,56,112,28,38,7,73,93,19,34,3,56,25,1,120,10,6,266,0,26.6,43,461,9,10,2,41.2,1,0,18,940,10.11,15.16,6,313.3,109,66,94,824,8,8.77,12.48,274.7,13,940,15.16,44,3,0,3,90,6,35,0,5.83,77,7,5,1,0,6,0.857,1,12,5,4,3,12,1,64,124,407,3.28,5,135.7,90,98,407,4.15,7,135.7,83,7,39,2.33,99,13,11,1,0,1,0,94,31.3,56,3,13,11,0,0,5,0,104,34.7,77,10,14,17,58,5.67,20,93,62,0,940,6,172.86,124,3,165.55,104,10,4,36,12,4,123,3,"76:24","25:28",96,218,1231,5.65,13,13,410.3,50,3,191,1347,7.05,13,449,9,3,6,1,5,1.67,6,1,1,36,2,1,0,0.667
"21","Texas","Texas Tech",1,101,3,"2-1",36,12,0.333,99,20,48,0.417,1,4,4,1,16,1,6,0.167,98,1,1,11,0,35,58,86,0.674,59,19,143,65,6.33,41,44,47.67,62,19,34,4,57,61,23,35,10,68,1,0,37,6,11,107,0,17.83,53,463,-3,1,40.55,17,1,84,86,58,702,8.16,12.1,3,234,68,69,102,649,2,6.36,9.41,216.3,68,702,4,2,0,-1.5,65,7,55,1,7.86,77,7,1,1,4,6,0.857,60,15,5,3,5,13,0.867,61,109,392,3.6,3,130.7,62,98,511,5.21,7,170.3,72,6,48,2,32,5,5,0,0,5,0,50,16.7,41,3,13,13,0,0,7,0,112,37.3,77,15,4,17,78,5.67,57,145.2,63,2,123.64,47,12,14,83,19,6.3,114,3,"78:57","26:19",53,211,1041,4.93,5,5,347,80,184,1213,6.59,10,404.3,47,0,2,1,1,0.33,6,36,2,1,0,0.667,108,3,"2-1",40,13,0.325,33,15,50,0.3,82,3,7,0.429,33,1,3,0.333,1,0,1,14,0,63,88,138,0.638,88,22,178,93,3,22,7.33,75,77,178,59.33,17,13,23,5,41,7,25,51,8,84,25,1,71,4,13,80,0,20,47,608,35,14,0,40.93,128,7,4,1121,8.12,12.74,9,373.7,62,45,86,633,3,7.36,14.07,211,47,1121,12.74,123,2,0,17.5,77,9,63,0,7,54,10,2,1,5,8,0.8,93,9,5,1,1,7,0.778,18,107,248,2.32,2,82.7,115,99,305,3.08,6,101.7,125,11,88,3.67,55,7,7,0,0,6,0,67,22.3,45,3,15,14,0,0,2,0,110,36.7,116,17,12,23,118,7.67,61,138,88,7,1121,9,143.38,62,1,123.34,20,17,14,89,24,8,90,3,"86:11","28:44",28,193,881,4.56,5,7,293.7,36,3,237,1426,6.02,15,475.3,123,2,3,8,-5,-1.67,114,1,8,36,2,1,0,0.667
"22","Toledo","San Diego St.",1,101,3,"2-1",39,13,0.333,97,21,51,0.412,24,5,7,0.714,85,4,7,0.571,1,0,1,14,0,95,46,78,0.59,39,17,135,42,5.67,33,34,45,59,24,28,4,56,85,28,23,10,61,25,1,39,8,6,143,0,17.88,58,585,24,0,40.07,46,2,103,78,46,571,7.32,12.41,5,190.3,48,48,77,598,6,7.77,12.46,199.3,57,571,110,2,0,12,59,6,50,0,8.33,114,11,5,5,1,11,1,47,10,5,1,3,9,0.9,103,132,531,4.02,6,177,47,116,584,5.03,9,194.7,59,5,25,1.67,88,12,12,0,0,1,0,87,29,39,3,14,14,0,0,5,0,113,37.7,77,16,2,17,47,5.67,76,136.49,107,1,150.69,51,9,18,54,18,6,113,3,"79:24","26:28",79,209,1129,5.4,12,12,376.3,85,194,1155,5.95,14,385,80,1,2,3,-1,-0.33,32,36,2,1,0,0.667,126,3,"1-2",40,10,0.25,102,20,47,0.426,15,5,6,0.833,20,1,5,0.2,98,1,111,18,1,128,29,63,0.46,93,23,166,99,3,23,7.67,58,60,166,55.33,73,24,34,3,61,125,25,13,4,42,108,4,54,2,12,38,0,19,73,787,92,18,0,38.61,46,2,129,230,3.65,7.93,3,76.7,98,64,105,781,9,7.44,12.2,260.3,129,230,7.93,99,9,0,10.22,37,9,102,2,11.33,63,11,2,6,1,9,0.818,93,9,1,3,3,7,0.778,69,110,416,3.78,2,138.7,24,119,663,5.57,3,221,40,4,22,1.33,76,11,11,0,0,1,0,80,26.7,107,3,8,8,0,0,3,0,65,21.7,77,14,6,17,50,5.67,128,63,29,2,230,3,86.06,104,1,149.81,69,12,8,63,16,5.3,94,3,"85:27","28:29",92,215,1197,5.57,11,11,399,116,3,182,893,4.91,6,297.7,80,4,5,6,-1,-0.33,95,4,6,87,1,2,0,0.333
"23","Georgia Tech","UCF",1,119,3,"1-2",45,13,0.289,106,20,45,0.444,84,2,5,0.4,119,4,5,0.8,128,3,131,22,3,103,49,85,0.576,47,18,161,51,6,54,56,53.67,119,36,36,7,79,128,18,21,2,41,1,0,92,3,7,65,0,21.67,121,851,132,0,32.68,46,2,120,85,49,425,5,8.67,1,141.7,91,59,92,761,4,8.27,12.9,253.7,126,425,117,9,0,14.67,17,3,51,0,17,114,13,8,2,3,13,1,118,6,3,1,0,4,0.667,106,142,554,3.9,9,184.7,98,98,369,3.77,5,123,108,9,58,3,104,13,13,0,0,3,0,100,33.3,121,3,6,6,0,0,1,0,45,15,119,19,12,25,100,8.33,120,98.82,89,4,139.27,7,23,8,106,27,9,118,3,"78:04","26:01",113,234,1315,5.62,13,13,438.3,126,183,794,4.34,6,264.7,18,2,6,2,4,1.33,17,87,1,2,0,0.333,26,3,"2-1",49,25,0.51,19,11,43,0.256,42,3,5,0.6,55,3,7,0.429,98,1,111,12,1,90,61,102,0.598,99,24,226,104,3,24,8,109,115,226,75.33,27,19,19,8,46,24,38,34,7,79,82,3,11,2,14,27,0,13.5,124,447,26,12,2,31.75,46,2,48,778,7.63,12.75,5,259.3,7,34,81,365,2,4.51,10.74,121.7,46,778,12.75,64,5,0,5.2,52,10,96,1,9.6,10,10,2,1,3,6,0.6,116,19,9,3,1,13,0.684,80,108,449,4.16,3,149.7,4,143,819,5.73,9,273,83,7,28,2.33,29,5,5,0,0,3,0,44,14.7,45,3,15,14,0,0,2,0,110,36.7,77,13,8,17,43,5.67,78,102,61,2,778,5,136.13,11,1,85.51,47,14,10,67,19,6.3,32,3,"95:26","31:49",19,189,814,4.31,5,5,271.3,6,3,245,1597,6.52,14,532.3,102,2,3,5,-2,-0.67,71,3,5,36,2,1,0,0.667
"24","Oregon","Washington St.",0,23,3,"2-1",41,21,0.512,129,22,38,0.579,13,7,8,0.875,16,1,6,0.167,1,0,1,7,0,21,69,98,0.704,59,19,138,65,6.33,35,36,46,65,17,37,4,58,5,44,33,8,85,1,0,112,8,12,200,0,25,91,262,0,0,37.43,85,3,68,98,69,741,7.56,10.74,7,247,113,71,101,831,7,8.23,11.7,277,99,741,13,0,0,0,87,6,37,0,6.17,107,12,5,6,0,11,0.917,24,18,7,7,3,17,0.944,33,77,293,3.81,5,97.7,36,123,615,5,7,205,1,0,0,0,85,12,11,0,0,0,0,83,27.7,38,3,15,15,0,0,3,0,114,38,37,10,6,13,56,4.33,45,151.37,116,2,158.32,128,7,4,25,9,3,17,3,"100:23","33:28",78,178,1124,6.31,12,12,374.7,48,221,1356,6.14,14,452,70,1,3,3,0,0,32,36,2,1,0,0.667,86,3,"3-0",35,13,0.371,40,14,45,0.311,100,1,3,0.333,32,4,13,0.308,1,0,1,10,0,48,67,103,0.65,17,13,130,14,3,13,4.33,28,30,130,43.33,35,15,29,5,49,108,18,30,4,52,120,5,54,1,12,19,0,19,26,434,8,10,0,42.6,85,3,77,727,7.06,10.85,8,242.3,70,64,98,651,4,6.64,10.17,217,97,727,10.85,43,3,0,2.67,107,4,14,0,3.5,15,6,0,3,1,4,0.667,34,13,2,7,3,12,0.923,28,109,272,2.5,0,90.7,107,75,334,4.45,2,111.3,108,9,49,3,19,5,5,0,0,1,0,38,12.7,90,3,10,10,0,0,3,0,79,26.3,45,10,8,14,60,4.67,58,103,67,3,727,8,144.14,69,4,126.41,3,22,18,114,31,10.3,131,3,"72:46","24:15",33,207,923,4.46,4,5,307.7,97,3,178,1061,5.96,10,353.7,80,3,7,8,-1,-0.33,114,5,8,1,3,0,0,1
"25","Tulsa","Ole Miss",1,31,3,"2-1",45,22,0.489,74,16,43,0.372,29,2,3,0.667,27,1,4,0.25,98,1,111,9,1,53,81,125,0.648,80,21,206,83,7,95,99,68.67,47,26,23,4,53,29,20,49,8,77,82,3,50,4,14,75,0,18.75,17,388,-1,0,43.22,17,1,1,125,81,1239,9.91,15.3,12,413,51,45,78,602,5,7.72,13.38,200.7,12,1239,8,2,1,-0.5,34,6,69,0,11.5,91,9,4,1,3,8,0.889,25,17,4,8,4,16,0.941,84,124,477,3.85,4,159,108,105,332,3.16,4,110.7,120,10,64,3.33,96,11,11,0,0,5,0,92,30.7,18,3,16,16,0,0,5,1,129,43,77,11,12,17,75,5.67,15,178.14,85,2,138.55,78,9,12,40,15,5,35,3,"94:45","31:35",67,202,1079,5.34,9,11,359.7,8,230,1571,6.83,16,523.7,47,3,5,4,1,0.33,48,36,2,1,0,0.667,22,3,"3-0",37,19,0.514,35,16,53,0.302,29,4,6,0.667,27,3,12,0.25,98,1,1,10,0,78,49,80,0.612,47,18,150,51,3,18,6,48,51,150,50,25,20,24,1,45,18,45,31,5,81,54,2,6,2,15,24,0,12,63,413,19,10,0,39.4,85,3,88,675,8.44,13.78,5,225,39,67,111,578,1,5.21,8.63,192.7,29,675,13.78,70,3,0,6.33,21,5,79,0,15.8,39,4,0,1,2,3,0.75,25,17,11,5,0,16,0.941,10,107,215,2.01,0,71.7,5,143,815,5.7,12,271.7,13,2,19,0.67,2,1,1,0,0,2,0,13,4.3,18,3,18,18,0,0,1,0,129,43,77,14,6,17,49,5.67,56,80,49,3,675,5,145.25,19,3,101.67,12,22,8,105,26,8.7,120,3,"77:39","25:53",16,218,793,3.64,1,1,264.3,22,3,223,1490,6.68,17,496.7,47,3,6,5,1,0.33,71,2,5,1,3,0,0,1
"26","Arizona","California",1,69,3,"2-1",38,15,0.395,53,10,30,0.333,96,3,8,0.375,93,3,5,0.6,1,0,111,9,1,95,69,117,0.59,9,11,96,8,3.67,12,9,32,79,32,25,5,62,66,22,39,6,67,25,1,82,5,10,105,0,21,120,399,62,2,33,103,4,40,117,69,804,6.87,11.65,6,268,19,57,77,506,6,6.57,8.88,168.7,73,804,121,4,1,15.5,34,2,23,0,11.5,73,13,3,5,3,11,0.846,43,11,4,4,2,10,0.909,109,111,559,5.04,4,186.3,99,97,367,3.78,5,122.3,40,4,39,1.33,88,11,9,0,0,4,0,87,29,82,3,11,11,0,0,3,0,86,28.7,8,8,2,9,53,3,93,126.78,103,2,149.75,88,12,4,54,14,4.7,102,3,"84:22","28:07",63,188,1065,5.66,10,11,355,83,214,1171,5.47,11,390.3,47,4,6,5,1,0.33,71,36,2,1,0,0.667,85,3,"2-1",43,16,0.372,22,11,42,0.262,42,3,5,0.6,44,4,10,0.4,1,0,1,15,0,83,67,111,0.604,33,16,154,34,3,16,5.33,50,53,154,51.33,47,21,29,3,53,66,21,36,10,67,1,0,50,4,10,75,0,18.75,26,732,33,15,3,42.6,46,2,73,730,6.58,10.9,5,243.3,48,67,106,598,4,5.64,8.93,199.3,92,730,10.9,61,7,0,4.71,67,6,46,0,7.67,15,6,1,3,0,4,0.667,38,12,2,5,4,11,0.917,62,99,395,3.99,3,131.7,103,97,351,3.62,2,117,127,12,97,4,34,7,6,0,0,1,0,51,17,102,3,8,8,0,0,5,0,71,23.7,104,17,6,20,118,6.67,92,111,67,2,730,5,126.86,50,3,117.39,88,9,10,56,14,4.7,51,3,"92:34","30:51",44,205,993,4.84,7,7,331,94,3,208,1081,5.2,7,360.3,36,1,4,2,2,0.67,17,0,2,36,2,1,0,0.667
"27","Akron","Liberty",1,129,3,"1-2",42,8,0.19,103,18,42,0.429,58,1,2,0.5,125,7,8,0.875,98,1,1,24,0,70,74,118,0.627,93,23,218,99,7.67,102,106,72.67,118,35,35,8,78,93,15,36,5,56,120,5,43,6,2,109,0,18.17,67,1026,65,1,39.21,1,0,73,118,74,730,6.19,9.86,2,243.3,127,62,92,938,5,10.2,15.13,312.7,115,730,90,7,0,9.29,88,1,6,0,6,113,18,13,1,3,17,0.944,63,7,2,1,3,6,0.857,122,133,687,5.17,13,229,128,84,155,1.85,2,51.7,129,15,116,5,131,18,18,0,0,4,0,138,46,127,3,4,3,0,0,3,0,36,12,128,26,6,29,164,9.67,107,120.27,122,3,164.45,112,9,4,29,11,3.7,65,3,"90:38","30:13",130,225,1625,7.22,18,18,541.7,117,202,885,4.38,4,295,80,1,4,5,-1,-0.33,71,87,1,2,0,0.333,115,3,"2-1",49,15,0.306,47,13,40,0.325,39,5,8,0.625,44,2,5,0.4,1,0,1,14,0,121,50,97,0.515,109,25,232,113,3,25,8.33,114,119,232,77.33,38,22,19,9,50,76,30,28,5,63,54,2,82,5,7,105,0,21,106,562,42,14,1,35.71,123,6,91,663,6.84,13.26,4,221,38,41,72,576,3,8,14.05,192,37,663,13.26,125,2,0,21,25,3,39,0,13,14,14,3,3,3,9,0.643,80,11,4,2,3,9,0.818,98,123,514,4.18,5,171.3,41,128,613,4.79,6,204.3,108,9,52,3,74,9,9,0,0,5,0,78,26,82,3,10,8,2,0,4,1,86,28.7,127,21,14,28,92,9.33,116,97,50,6,663,4,110.2,64,5,124.01,12,20,12,83,26,8.7,44,3,"93:05","31:02",71,195,1090,5.59,8,9,363.3,63,3,225,1276,5.67,10,425.3,23,6,11,8,3,1,114,2,8,36,2,1,0,0.667
"28","Arkansas St.","Old Dominion",1,72,3,"1-2",46,18,0.391,46,12,37,0.324,58,5,10,0.5,101,4,6,0.667,1,0,1,10,0,27,70,102,0.686,69,20,187,75,6.67,81,85,62.33,51,19,28,7,54,47,30,33,8,71,25,1,74,7,13,142,0,20.29,7,487,23,1,44.4,1,0,71,102,70,731,7.17,10.44,4,243.7,99,42,74,782,7,10.57,18.62,260.7,107,731,59,5,0,4.6,54,2,19,0,9.5,114,7,3,2,2,7,1,85,15,8,1,3,12,0.8,63,104,405,3.89,5,135,71,120,487,4.06,8,162.3,25,3,22,1,96,12,11,0,0,3,0,92,30.7,63,3,12,11,1,0,5,1,102,34,119,22,6,25,71,8.33,67,141.77,130,1,174.04,7,19,16,113,27,9,8,3,"103:29","34:30",90,178,1187,6.67,12,12,395.7,74,222,1218,5.49,12,406,47,1,2,1,1,0.33,6,87,1,2,0,0.333,131,3,"1-2",39,7,0.179,101,22,52,0.423,58,2,4,0.5,93,3,5,0.6,1,0,1,24,0,114,55,102,0.539,93,23,225,99,3,23,7.67,106,112,225,75,116,29,37,9,75,119,13,27,6,46,108,4,106,7,4,163,0,23.29,52,1016,21,24,1,40.62,17,1,88,675,6.62,12.27,5,225,88,66,112,751,3,6.71,11.38,250.3,64,675,12.27,42,8,0,2.62,107,2,7,0,3.5,28,17,4,3,5,12,0.706,63,7,1,3,2,6,0.857,119,131,626,4.78,5,208.7,126,79,188,2.38,1,62.7,96,8,49,2.67,64,8,6,0,0,6,0,72,24,115,3,7,7,0,0,2,0,55,18.3,91,11,14,18,70,6,100,102,55,1,675,5,123.73,49,4,116.95,63,9,16,69,17,5.7,111,3,"82:27","27:29",120,243,1377,5.67,8,8,459,121,3,181,863,4.77,6,287.7,23,4,8,5,3,1,71,4,5,87,1,2,0,0.333
"29","Ball St.","Ga. Southern",1,75,3,"1-2",49,19,0.388,44,14,44,0.318,118,1,7,0.143,99,7,11,0.636,1,0,1,17,0,79,78,128,0.609,114,26,214,118,8.67,99,103,71.33,96,26,33,9,68,72,23,37,5,65,54,2,19,7,4,109,0,15.57,117,636,18,2,34,85,3,42,128,78,797,6.23,10.22,6,265.7,68,60,101,649,4,6.43,10.82,216.3,112,797,84,2,0,9,66,4,31,0,7.75,103,11,8,1,1,10,0.909,43,11,2,5,3,10,0.909,97,124,512,4.13,9,170.7,78,104,469,4.51,2,156.3,6,1,9,0.33,100,13,11,2,0,1,0,96,32,102,3,8,8,0,0,5,0,71,23.7,2,2,8,6,18,2,97,124.02,57,3,120.51,112,9,4,38,11,3.7,54,3,"92:11","30:44",85,225,1161,5.16,13,13,387,66,232,1266,5.46,8,422,47,3,6,5,1,0.33,71,87,1,2,0,0.333,4,3,"2-1",50,31,0.62,94,15,37,0.405,19,3,4,0.75,64,1,2,0.5,1,0,1,9,0,94,90,152,0.592,5,10,91,3,3,10,3.33,11,7,91,30.33,90,37,24,5,66,9,27,48,8,83,1,0,70,12,4,238,0,19.83,111,386,55,9,1,34.56,123,6,13,980,6.45,10.89,6,326.7,24,45,81,521,2,6.43,11.58,173.7,94,980,10.89,115,4,0,13.75,75,7,50,0,7.14,54,10,7,1,0,8,0.8,57,16,7,5,2,14,0.875,127,122,717,5.88,9,239,47,95,584,6.15,11,194.7,1,0,0,0,86,12,12,0,0,0,0,84,28,23,3,17,17,0,0,2,0,125,41.7,2,4,4,6,10,2,109,152,90,6,980,6,118.5,30,3,110.33,104,11,2,42,12,4,91,3,"86:03","28:41",98,203,1238,6.1,11,12,412.7,10,3,247,1564,6.33,17,521.3,102,1,4,6,-2,-0.67,95,0,6,36,2,1,0,0.667
"30","Navy","East Carolina",0,88,2,"0-2",33,12,0.364,86,11,28,0.393,96,3,8,0.375,44,2,5,0.4,1,0,1,8,0,131,8,24,0.333,1,7,70,6,3.5,5,12,35,3,6,22,3,31,131,25,6,3,34,108,4,115,4,1,102,0,25.5,8,363,10,0,44.12,46,2,126,24,8,234,9.75,29.25,1,117,125,44,67,604,4,9.01,13.73,302,1,234,49,3,0,3.33,115,3,7,0,2.33,87,8,2,2,3,7,0.875,118,3,2,0,0,2,0.667,4,61,104,1.7,2,52,45,121,399,3.3,2,199.5,25,2,2,1,68,6,6,0,0,3,0,51,25.5,129,2,3,2,0,0,0,0,20,10,55,9,2,10,17,5,113,112.32,118,0,161.1,7,12,12,73,18,9,25,2,"64:53","32:27",61,128,708,5.53,6,6,354,109,145,633,4.37,3,316.5,129,1,1,6,-5,-2.5,95,126,0,2,0,0,16,3,"2-1",47,25,0.532,24,10,37,0.27,51,4,7,0.571,44,2,5,0.4,128,3,111,12,1,37,72,107,0.673,5,10,89,3,3,10,3.33,10,6,89,29.67,41,18,32,1,51,33,28,40,8,76,1,0,40,10,5,179,0,17.9,127,432,18,12,3,29.5,46,2,35,839,7.84,11.65,7,279.7,101,58,101,786,5,7.78,13.55,262,72,839,11.65,84,2,1,9,94,7,36,0,5.14,2,8,0,3,1,4,0.5,32,14,7,4,2,13,0.929,20,79,251,3.18,1,83.7,31,112,647,5.78,8,215.7,59,5,30,1.67,35,7,7,0,0,1,0,52,17.3,51,3,15,12,0,0,2,0,108,36,91,15,6,18,58,6,48,107,72,2,839,7,151.01,81,3,133.19,88,9,10,67,14,4.7,12,3,"102:08","34:03",52,180,1037,5.76,6,7,345.7,23,3,219,1486,6.79,15,495.3,23,2,5,2,3,1,17,0,2,36,2,1,0,0.667
"31","Rice","Houston",1,25,3,"2-1",47,24,0.511,45,9,28,0.321,58,4,8,0.5,1,0,3,0,1,0,1,7,0,67,60,95,0.632,69,20,187,75,6.67,81,85,62.33,38,21,22,7,50,66,30,30,7,67,1,0,41,5,12,90,0,18,102,276,4,1,36,128,7,80,95,60,715,7.53,11.92,7,238.3,28,46,79,535,3,6.77,11.63,178.3,70,715,36,2,0,2,22,4,63,0,15.75,34,11,3,3,2,8,0.727,28,15,5,6,3,14,0.933,76,73,441,6.04,6,147,65,121,501,4.14,5,167,83,7,33,2.33,102,13,13,0,0,2,0,97,32.3,64,3,13,10,1,0,3,0,99,33,91,9,18,18,48,6,79,135.96,55,3,120.05,104,9,6,55,12,4,2,3,"112:47","37:36",40,152,976,6.42,9,13,325.3,76,216,1216,5.63,12,405.3,80,3,6,7,-1,-0.33,104,36,2,1,0,0.667,27,3,"1-2",50,25,0.5,91,17,42,0.405,119,0,2,0,64,3,6,0.5,1,0,1,13,0,69,64,102,0.627,131,33,274,131,3,33,11,129,131,274,91.33,124,35,40,9,84,81,23,34,5,62,82,3,54,1,10,19,0,19,3,615,3,13,1,45.54,46,2,64,744,7.29,11.62,5,248,117,78,127,845,8,6.65,10.83,281.7,75,744,11.62,30,3,0,1,8,2,43,0,21.5,110,14,5,4,4,13,0.929,28,15,4,4,6,14,0.933,93,115,502,4.37,6,167.3,91,112,399,3.56,5,133,120,10,48,3.33,120,14,12,1,0,6,0,116,38.7,68,3,11,9,2,0,6,0,97,32.3,98,14,10,19,77,6.33,77,102,64,2,744,5,136.27,79,4,131.8,12,20,12,101,26,8.7,86,3,"86:42","28:54",118,242,1347,5.57,14,14,449,87,3,214,1143,5.34,10,381,80,0,4,5,-1,-0.33,71,3,5,87,1,2,0,0.333
"32","Arkansas","Texas A&M",1,31,3,"3-0",45,22,0.489,96,18,44,0.409,42,3,5,0.6,115,3,4,0.75,1,0,1,12,0,20,55,78,0.705,93,23,242,99,7.67,118,123,80.67,96,17,42,9,68,41,41,29,3,73,82,3,123,3,16,84,0,28,126,451,55,1,31.33,17,1,55,78,55,770,9.87,14,6,256.7,131,74,125,1059,4,8.47,14.31,353,27,770,124,3,0,18.33,12,6,118,1,19.67,68,12,5,1,4,10,0.833,63,14,8,2,2,12,0.857,7,92,205,2.23,6,68.3,10,146,731,5.01,8,243.7,40,4,31,1.33,79,10,7,1,0,4,0,81,27,39,3,15,15,0,0,2,1,113,37.7,55,11,8,15,50,5,16,176.26,84,2,137.72,17,22,6,145,25,8.3,81,3,"87:23","29:08",105,217,1264,5.82,10,10,421.3,19,224,1501,6.7,14,500.3,47,3,5,4,1,0.33,48,1,3,0,0,1,71,3,"2-1",33,13,0.394,49,15,46,0.326,119,0,0,0,85,4,7,0.571,1,0,1,14,0,75,46,75,0.613,47,18,170,51,3,18,6,64,66,170,56.67,69,24,25,10,59,118,18,25,5,48,54,2,54,1,11,19,0,19,15,618,9,14,0,43.5,46,2,99,624,8.32,13.57,4,208,9,50,99,442,1,4.46,8.84,147.3,34,624,13.57,44,3,0,3,111,8,27,0,3.38,15,9,1,1,4,6,0.667,1,3,2,0,1,3,1,83,115,463,4.03,1,154.3,112,82,317,3.87,3,105.7,59,5,21,1.67,9,2,2,0,0,4,0,26,8.7,109,3,8,8,0,0,2,0,62,20.7,91,13,10,18,45,6,60,75,46,2,624,4,143.49,12,1,89.32,100,7,12,42,13,4.3,122,3,"76:34","25:31",31,214,905,4.23,2,2,301.7,110,3,157,941,5.99,7,313.7,70,3,4,4,0,0,48,2,4,36,2,1,0,0.667
"33","Iowa","Rutgers",0,110,3,"2-1",44,14,0.318,59,19,55,0.345,119,0,1,0,33,1,3,0.333,1,0,1,23,0,126,37,78,0.474,9,11,65,8,3.67,3,2,21.67,10,15,19,3,37,130,17,14,5,36,82,3,82,3,7,63,0,21,22,1110,22,5,42.96,46,2,124,78,37,376,4.82,10.16,1,125.3,6,49,92,353,1,3.84,7.2,117.7,113,376,54,6,0,3.67,76,11,78,0,7.09,2,4,0,1,1,2,0.5,128,4,1,0,1,2,0.5,15,108,231,2.14,0,77,118,96,277,2.89,3,92.3,72,6,46,2,2,1,1,0,0,2,0,13,4.3,124,3,4,4,0,0,3,2,41,13.7,55,13,4,15,69,5,127,87.03,6,3,82.56,22,15,16,74,23,7.7,112,3,"81:51","27:17",4,200,584,2.92,1,1,194.7,131,174,653,3.75,4,217.7,80,1,4,5,-1,-0.33,71,36,2,1,0,0.667,73,3,"3-0",41,16,0.39,31,13,44,0.295,1,2,2,1,41,3,8,0.375,1,0,1,12,0,93,38,64,0.594,109,25,220,113,3,25,8.33,104,109,220,73.33,17,10,27,4,41,81,40,19,3,62,1,0,96,6,13,131,0,21.83,35,505,0,12,0,42.08,46,2,119,426,6.66,11.21,4,142,60,54,96,624,5,6.5,11.56,208,88,426,11.21,13,0,0,0,45,2,21,0,10.5,114,4,1,3,0,4,1,113,13,5,1,3,9,0.692,2,89,97,1.09,1,32.3,20,137,682,4.98,8,227.3,59,5,39,1.67,21,6,6,0,0,0,0,42,14,56,3,13,11,0,0,5,0,104,34.7,77,17,0,17,79,5.67,86,64,38,2,426,4,129.66,51,5,117.62,39,14,12,95,20,6.7,28,3,"96:29","32:10",10,185,721,3.9,6,6,240.3,91,3,201,1108,5.51,12,369.3,18,1,6,2,4,1.33,17,0,2,1,3,0,0,1
"34","Louisiana Tech","South Alabama",1,77,3,"1-2",44,17,0.386,91,17,42,0.405,119,0,3,0,93,3,5,0.6,98,1,1,14,0,112,64,117,0.547,47,18,143,51,6,41,44,47.67,107,43,24,4,71,91,19,30,9,58,25,1,75,7,10,143,0,20.43,79,550,-2,1,38,128,7,32,117,64,863,7.38,13.48,7,287.7,65,51,96,637,4,6.64,12.49,212.3,36,863,7,3,0,-0.67,39,9,101,0,11.22,67,17,8,2,4,14,0.824,47,10,3,2,4,9,0.9,130,126,747,5.93,10,249,113,84,314,3.74,4,104.7,59,5,31,1.67,122,15,15,0,0,4,0,117,39,70,3,12,12,0,0,4,0,96,32,77,15,4,17,63,5.67,96,124.44,53,2,118.45,78,13,4,72,15,5,82,3,"87:22","29:07",122,222,1384,6.23,14,15,461.3,82,201,1177,5.86,11,392.3,80,5,7,8,-1,-0.33,114,87,1,2,0,0.333,49,3,"2-1",43,19,0.442,61,14,40,0.35,110,1,4,0.25,33,2,6,0.333,1,0,1,13,0,23,78,113,0.69,93,23,215,99,3,23,7.67,101,105,215,71.67,59,20,27,9,56,29,28,44,5,77,25,1,97,11,4,241,0,21.91,88,567,59,13,1,37.54,46,2,23,908,8.04,11.64,7,302.7,63,57,104,636,4,6.12,11.16,212,74,908,11.64,97,6,0,9.83,47,7,72,0,10.29,68,12,3,3,4,10,0.833,60,15,7,4,2,13,0.867,32,91,290,3.19,3,96.7,64,120,503,4.19,8,167.7,59,5,33,1.67,52,7,4,1,0,5,0,63,21,33,3,15,13,1,0,4,0,117,39,45,10,8,14,46,4.67,42,113,78,2,908,7,153.43,48,1,116.95,124,6,8,47,10,3.3,5,3,"105:46","35:15",34,195,926,4.75,7,7,308.7,40,3,233,1411,6.06,15,470.3,36,4,5,3,2,0.67,32,1,3,36,2,1,0,0.667
"35","Marshall","Troy",1,45,3,"2-1",40,18,0.45,28,12,43,0.279,110,1,4,0.25,101,4,6,0.667,121,2,127,13,2,2,68,89,0.764,17,13,104,14,4.33,14,11,34.67,27,16,26,4,46,29,42,34,1,77,54,2,90,4,10,86,0,21.5,97,491,15,0,36.62,46,2,70,89,68,733,8.24,10.78,5,244.3,54,56,99,605,5,6.11,10.8,201.7,98,733,118,1,0,15,116,6,12,0,2,114,6,3,2,1,6,1,105,16,5,3,4,12,0.75,17,95,237,2.49,3,79,6,138,790,5.72,7,263.3,108,9,51,3,43,8,5,1,0,1,0,58,19.3,41,3,14,13,0,0,5,0,112,37.3,91,12,12,18,68,6,32,159.63,46,4,116.48,39,11,18,71,20,6.7,34,3,"95:08","31:43",23,194,842,4.34,8,8,280.7,15,227,1523,6.71,12,507.7,47,1,5,4,1,0.33,48,36,2,1,0,0.667,57,3,"1-2",39,16,0.41,115,23,48,0.479,78,4,9,0.444,101,4,6,0.667,1,0,1,11,0,42,86,130,0.662,47,18,140,51,3,18,6,40,41,140,46.67,104,26,38,6,70,47,16,48,7,71,54,2,61,5,8,96,0,19.2,29,516,8,11,2,42.55,103,4,8,1052,8.09,12.23,6,350.7,90,64,111,754,4,6.79,11.78,251.3,65,1052,12.23,78,1,0,8,80,3,20,0,6.67,68,12,6,3,1,10,0.833,105,12,4,3,2,9,0.75,88,113,485,4.29,6,161.7,127,87,164,1.89,4,54.7,108,9,62,3,70,10,9,0,0,2,1,77,25.7,96,3,10,10,0,0,2,0,76,25.3,104,18,4,20,90,6.67,62,130,86,4,1052,6,143.21,60,3,121.2,88,8,12,55,14,4.7,62,3,"90:48","30:16",99,224,1239,5.53,10,10,413,76,3,217,1216,5.6,10,405.3,80,2,5,6,-1,-0.33,95,2,6,87,1,2,0,0.333
"36","N. Illinois","Kentucky",1,80,4,"2-2",50,19,0.38,116,29,60,0.483,78,4,9,0.444,59,4,9,0.444,121,2,111,11,1,117,62,117,0.53,69,20,188,23,5,84,43,47,127,40,51,8,99,3,45,44,10,99,54,2,125,4,21,118,0,29.5,112,378,-2,0,34.55,119,5,57,117,62,1020,8.72,16.45,9,255,122,86,138,1169,8,8.47,13.59,292.2,5,1020,3,1,0,-2,81,5,33,0,6.6,111,15,6,3,5,14,0.933,116,19,4,5,4,13,0.684,120,160,841,5.26,9,210.2,25,175,882,5.04,6,220.5,11,2,15,0.5,115,18,18,0,0,6,1,146,36.5,73,4,16,16,0,0,5,0,127,31.8,54,18,2,19,62,4.75,66,143.06,111,0,152.61,121,11,6,53,14,3.5,109,4,"110:25","27:36",126,298,2010,6.74,17,18,502.5,35,292,1902,6.51,15,475.5,112,4,4,7,-3,-0.75,104,81,2,2,0,0.5,82,3,"3-0",32,12,0.375,4,7,40,0.175,119,0,2,0,59,4,9,0.444,1,0,1,10,0,38,61,91,0.67,33,16,114,34,3,16,5.33,18,15,114,38,12,11,23,4,38,76,17,40,6,63,25,1,60,6,14,115,0,19.17,102,389,9,10,1,36,103,4,27,882,9.69,14.46,6,294,12,45,91,456,0,5.01,10.13,152,19,882,14.46,44,3,0,3,84,8,51,0,6.38,15,3,1,0,1,2,0.667,82,16,3,5,5,13,0.812,37,84,305,3.63,2,101.7,122,100,223,2.23,3,74.3,125,11,70,3.67,12,2,1,1,0,4,1,29,9.7,75,3,11,10,0,0,6,0,94,31.3,98,14,10,19,89,6.33,30,91,61,4,882,6,161.42,8,3,84.95,100,10,6,63,13,4.3,20,3,"99:41","33:14",14,175,761,4.35,2,2,253.7,92,3,191,1105,5.79,9,368.3,80,1,4,5,-1,-0.33,71,1,5,1,3,0,0,1
"37","UNLV","Utah St.",0,57,3,"2-1",39,16,0.41,36,13,43,0.302,78,4,9,0.444,111,7,10,0.7,1,0,1,12,0,28,65,95,0.684,80,21,218,83,7,102,106,72.67,62,18,30,9,57,61,32,33,3,68,1,0,130,3,10,122,1,40.67,37,519,16,0,41.92,17,1,37,95,65,822,8.65,12.65,8,274,97,59,95,774,5,8.15,13.12,258,49,822,78,2,0,8,63,2,16,0,8,39,12,2,3,4,9,0.75,69,13,5,6,0,11,0.846,38,111,308,2.77,2,102.7,36,114,615,5.39,8,205,108,9,60,3,58,8,8,0,0,4,0,68,22.7,25,3,17,17,0,0,1,1,124,41.3,68,14,4,16,74,5.33,26,166.79,90,4,139.49,33,19,4,81,21,7,39,3,"93:29","31:10",68,206,1082,5.25,7,8,360.7,30,209,1437,6.88,16,479,23,0,4,1,3,1,6,36,2,1,0,0.667,127,3,"1-2",47,11,0.234,119,22,44,0.5,100,3,9,0.333,126,1,1,1,1,0,1,22,0,127,44,93,0.473,122,28,271,125,3,28,9.33,127,129,271,90.33,112,35,29,9,73,93,26,25,5,56,54,2,79,7,2,145,0,20.71,50,944,27,22,1,40.77,103,4,113,495,5.32,11.25,3,165,51,51,95,602,9,6.34,11.8,200.7,85,495,11.25,65,5,0,5.4,105,4,17,0,4.25,114,15,3,9,3,15,1,130,7,0,3,0,3,0.429,128,126,722,5.73,3,240.7,81,126,466,3.7,1,155.3,25,3,11,1,116,13,12,1,0,6,0,110,36.7,126,3,5,5,0,0,1,0,38,12.7,31,7,10,12,38,4,122,93,44,4,495,3,94.06,66,6,125.55,22,11,24,60,23,7.7,105,3,"83:58","27:59",117,221,1324,5.99,12,13,441.3,106,3,219,961,4.39,4,320.3,47,1,7,6,1,0.33,95,2,6,87,1,2,0,0.333
"38","So. Miss","Tulane",0,99,3,"1-2",40,14,0.35,79,21,55,0.382,58,2,4,0.5,20,1,5,0.2,1,0,1,15,0,110,39,70,0.557,109,25,178,113,8.33,75,77,59.33,56,26,25,4,55,108,21,24,7,52,108,4,122,6,12,167,0,27.83,69,649,45,1,38.93,103,4,64,70,39,744,10.63,19.08,5,248,80,58,104,697,4,6.7,12.02,232.3,4,744,118,3,0,15,15,10,180,0,18,98,10,3,2,4,9,0.9,127,11,3,1,2,6,0.545,74,124,434,3.5,3,144.7,75,118,473,4.01,5,157.7,72,6,46,2,60,7,7,1,0,6,0,69,23,66,3,12,12,0,0,4,1,98,32.7,112,18,8,22,81,7.33,36,157.14,41,5,115.14,5,20,16,84,28,9.3,97,3,"85:13","28:24",81,228,1131,4.96,7,7,377,75,188,1217,6.47,10,405.7,102,1,6,8,-2,-0.67,114,87,1,2,0,0.333,101,3,"3-0",33,11,0.333,15,12,48,0.25,51,4,7,0.571,33,3,9,0.333,1,0,1,8,0,58,51,79,0.646,17,13,100,14,3,13,4.33,13,10,100,33.33,4,23,10,0,33,56,30,31,8,69,82,3,29,5,11,87,0,17.4,95,335,0,8,2,36.88,46,2,63,748,9.47,14.67,6,249.3,1,30,56,216,1,3.86,7.2,72,16,748,14.67,13,0,0,0,26,6,75,0,12.5,114,3,1,0,2,3,1,73,18,9,4,2,15,0.833,79,132,446,3.38,1,148.7,61,123,515,4.19,9,171.7,13,2,10,0.67,6,2,2,0,0,2,0,20,6.7,43,3,15,15,0,0,2,0,111,37,14,6,8,10,26,3.33,28,79,51,2,748,6,164.09,2,4,77.58,63,15,4,49,17,5.7,66,3,"90:13","30:04",6,188,662,3.52,2,2,220.7,67,3,202,1263,6.25,15,421,80,0,4,5,-1,-0.33,71,3,5,1,3,0,0,1
"39","Charlotte","South Carolina",1,101,4,"1-3",54,18,0.333,126,28,51,0.549,108,4,14,0.286,112,5,7,0.714,1,0,1,17,0,92,92,154,0.597,130,32,291,104,8,130,108,72.75,131,42,57,12,111,9,27,46,10,83,1,0,98,3,11,66,0,22,21,755,3,1,43.06,46,2,31,154,92,1158,7.52,12.59,10,289.5,128,82,112,1282,12,11.45,15.63,320.5,51,1158,35,2,0,1.5,86,5,31,0,6.2,90,17,7,5,3,15,0.882,38,12,2,8,1,11,0.917,129,179,973,5.44,11,243.2,116,111,389,3.5,3,97.2,94,10,80,2.5,129,24,20,1,0,5,0,181,45.2,98,4,14,13,0,0,1,0,100,25,55,14,12,20,101,5,68,141.74,131,2,201.15,77,15,12,50,21,5.2,96,4,"113:46","28:26",131,291,2255,7.75,23,24,563.8,84,265,1547,5.84,13,386.8,68,1,3,2,1,0.25,17,121,1,3,0,0.25,122,3,"1-2",37,10,0.27,109,19,42,0.452,24,5,7,0.714,64,3,6,0.5,1,0,1,15,0,87,66,110,0.6,26,15,171,23,3,15,5,68,70,171,57,110,42,24,6,72,89,19,32,8,59,54,2,30,3,8,53,0,17.67,34,670,18,15,1,42.13,123,6,39,818,7.44,12.39,3,272.7,57,46,80,612,5,7.65,13.3,204,59,818,12.39,53,5,0,3.6,6,4,90,2,22.5,54,15,9,2,1,12,0.8,93,9,4,2,1,7,0.778,125,140,703,5.02,9,234.3,124,91,211,2.32,4,70.3,108,9,69,3,112,14,14,0,0,2,1,106,35.3,100,3,9,3,3,0,3,0,72,24,108,20,2,21,92,7,106,110,66,6,818,3,120.56,92,1,139.88,112,6,10,30,11,3.7,67,3,"89:58","29:59",113,220,1315,5.98,14,14,438.3,100,3,201,1029,5.12,7,343,128,0,1,8,-7,-2.33,114,2,8,87,1,2,0,0.333
"40","FAU","Purdue",1,19,4,"2-2",59,31,0.525,89,21,53,0.396,58,3,6,0.5,101,4,6,0.667,98,1,1,15,0,104,73,127,0.575,123,29,295,91,7.25,131,110,73.75,125,25,48,12,85,2,40,50,11,101,82,3,23,14,9,226,0,16.14,32,672,39,0,42.2,46,2,62,127,73,1001,7.88,13.71,10,250.2,112,85,131,1103,8,8.42,12.98,275.8,30,1001,58,9,0,4.33,58,8,69,0,8.62,91,18,5,7,4,16,0.889,91,19,6,7,2,15,0.789,68,142,551,3.88,5,137.8,22,165,886,5.37,7,221.5,24,3,12,0.75,73,13,10,0,0,5,0,103,25.8,62,4,18,17,0,0,4,0,137,34.2,22,10,8,14,41,3.5,54,146.52,113,2,152.71,51,15,18,80,24,6,79,4,"117:29","29:22",100,273,1654,6.06,13,13,413.5,38,292,1887,6.46,17,471.8,70,3,5,5,0,0,71,81,2,2,0,0.5,27,3,"1-2",48,24,0.5,19,11,43,0.256,51,4,7,0.571,64,2,4,0.5,98,1,1,13,0,52,94,145,0.648,109,25,243,113,3,25,8.33,119,124,243,81,51,14,29,11,54,24,27,45,7,79,54,2,66,5,9,97,0,19.4,79,552,38,13,1,38,17,1,6,1078,7.43,11.47,8,359.3,42,44,91,583,7,6.41,13.25,194.3,81,1078,11.47,70,6,0,6.33,100,6,27,0,4.5,15,6,1,3,0,4,0.667,34,13,6,5,1,12,0.923,29,103,274,2.66,1,91.3,101,88,354,4.02,6,118,25,3,23,1,55,9,8,1,0,1,0,67,22.3,35,3,16,14,0,0,2,0,116,38.7,7,6,4,8,45,2.67,59,145,94,1,1078,8,144.1,58,3,120.96,88,11,6,48,14,4.7,40,3,"93:21","31:07",25,194,857,4.42,8,9,285.7,32,3,233,1432,6.15,14,477.3,47,1,4,3,1,0.33,32,2,3,87,1,2,0,0.333
"41","New Mexico","LSU",1,111,3,"2-1",41,13,0.317,5,7,39,0.179,119,0,3,0,59,4,9,0.444,98,1,111,19,1,108,36,64,0.562,99,24,204,104,8,94,98,68,14,12,20,7,39,108,31,13,8,52,25,1,93,4,11,87,0,21.75,66,853,68,2,39.21,85,3,123,64,36,379,5.92,10.53,3,126.3,13,48,100,465,3,4.65,9.69,155,103,379,96,7,1,9.71,91,5,29,0,5.8,114,5,1,3,1,5,1,113,13,6,2,1,9,0.692,11,77,224,2.91,1,74.7,73,128,480,3.75,6,160,120,10,68,3.33,20,5,5,0,0,2,0,41,13.7,88,3,11,10,0,0,2,0,82,27.3,129,20,20,30,107,10,114,112.09,9,6,84.96,88,10,8,87,14,4.7,14,3,"100:57","33:39",15,177,789,4.46,4,5,263,122,192,859,4.47,9,286.3,4,4,10,4,6,2,48,36,2,1,0,0.667,38,3,"2-1",38,18,0.474,83,16,41,0.39,42,3,5,0.6,20,1,5,0.2,121,2,1,10,0,44,70,106,0.66,39,17,124,42,3,17,5.67,24,24,124,41.33,44,25,26,1,52,61,26,38,4,68,82,3,107,9,9,214,0,23.78,86,443,47,10,1,37.6,46,2,69,739,6.97,10.56,6,246.3,28,53,92,535,3,5.82,10.09,178.3,102,739,10.56,109,4,0,11.75,110,5,17,0,3.4,13,8,2,1,2,5,0.625,57,16,8,4,2,14,0.875,65,102,408,4,3,136,51,104,576,5.54,9,192,108,9,45,3,42,7,6,0,0,3,0,57,19,31,3,16,15,0,0,2,1,119,39.7,68,14,4,16,62,5.33,70,106,70,2,739,6,139.51,34,2,112.87,78,8,14,62,15,5,69,3,"89:44","29:55",37,194,943,4.86,6,7,314.3,54,3,210,1315,6.26,15,438.3,23,6,8,5,3,1,71,3,5,36,2,1,0,0.667
"42","UConn","NC State",1,50,4,"1-3",60,26,0.433,113,24,51,0.471,84,2,5,0.4,1,0,3,0,121,2,111,24,1,122,48,95,0.505,69,20,156,23,5,51,20,39,129,46,47,7,100,75,43,19,2,64,129,6,100,6,6,138,0,23,108,948,95,0,35.54,85,3,128,95,48,420,4.42,8.75,4,105,94,78,113,1027,7,9.09,13.17,256.8,125,420,92,10,1,9.5,61,4,33,0,8.25,98,20,9,5,4,18,0.9,105,8,3,3,0,6,0.75,99,170,687,4.04,10,171.8,60,153,702,4.59,4,175.5,25,4,30,1,111,18,18,0,0,5,0,141,35.2,119,4,8,8,0,0,2,0,62,15.5,111,20,18,29,103,7.25,121,95.24,121,1,164.04,98,12,12,91,18,4.5,85,4,"115:53","28:58",108,283,1714,6.06,17,18,428.5,124,248,1122,4.52,8,280.5,122,2,3,9,-6,-1.5,128,121,1,3,0,0.25,67,3,"3-0",43,17,0.395,26,12,44,0.273,84,2,5,0.4,16,1,6,0.167,1,0,1,16,0,102,56,97,0.577,99,24,206,104,3,24,8,95,99,206,68.67,31,12,30,5,47,72,27,33,5,65,82,3,35,9,11,160,0,17.78,68,658,35,16,0,38.94,17,1,85,691,7.12,12.34,7,230.3,76,72,131,680,3,5.19,9.44,226.7,61,691,12.34,67,6,0,5.83,7,4,89,1,22.25,114,3,2,1,0,3,1,93,9,3,3,1,7,0.778,8,68,206,3.03,2,68.7,84,111,461,4.15,4,153.7,13,2,11,0.67,16,5,4,0,0,1,0,37,12.3,60,3,13,13,0,0,4,0,103,34.3,45,10,8,14,38,4.67,71,97,56,1,691,7,139.32,16,7,95.44,51,12,12,71,18,6,27,3,"96:46","32:15",30,199,886,4.45,5,5,295.3,86,3,208,1152,5.54,11,384,9,2,9,4,5,1.67,48,3,4,1,3,0,0,1
"43","Vanderbilt","Alabama",1,84,4,"3-1",51,19,0.373,52,18,55,0.327,78,4,9,0.444,19,2,11,0.182,1,0,1,17,0,77,68,111,0.613,69,20,187,23,5,81,42,46.75,122,30,43,8,81,29,34,38,5,77,82,3,46,12,14,219,0,18.25,31,831,92,1,42.29,17,1,94,111,68,878,7.91,12.91,12,219.5,107,85,142,1096,9,7.72,12.89,274,43,878,106,8,0,11.5,95,5,25,0,5,39,12,2,5,2,9,0.75,1,17,7,8,2,17,1,70,139,562,4.04,5,140.5,29,150,869,5.79,9,217.2,5,1,7,0.25,87,15,15,0,0,3,0,114,28.5,21,4,23,22,1,0,2,0,168,42,2,7,2,8,22,2,29,161.58,97,1,144.2,68,15,14,68,22,5.5,59,4,"122:24","30:36",102,281,1658,5.9,14,15,414.5,55,261,1747,6.69,21,436.8,68,4,5,4,1,0.25,48,34,3,1,0,0.75,76,3,"3-0",31,12,0.387,8,10,46,0.217,84,2,5,0.4,64,2,4,0.5,98,1,111,10,1,32,67,99,0.677,117,27,200,121,3,27,9,93,97,200,66.67,23,14,20,9,43,56,29,35,5,69,1,0,45,5,13,91,0,18.2,109,384,10,10,1,35.4,85,3,73,730,7.37,10.9,10,243.3,8,43,80,440,0,5.5,10.23,146.7,92,730,10.9,49,3,0,3.33,8,12,258,2,21.5,29,7,2,0,3,5,0.714,28,15,4,8,2,14,0.933,16,110,236,2.15,2,78.7,13,95,712,7.49,5,237.3,40,4,26,1.33,9,2,2,0,0,4,0,26,8.7,11,3,18,18,0,0,4,0,138,46,37,11,4,13,49,4.33,38,99,67,3,730,10,156.89,17,1,97.45,33,17,8,92,21,7,99,3,"84:44","28:15",7,190,676,3.56,2,2,225.3,27,3,194,1442,7.43,15,480.7,102,0,1,3,-2,-0.67,32,0,3,1,3,0,0,1
"44","Boston College","Florida State",1,101,3,"1-2",45,15,0.333,49,15,46,0.326,58,1,2,0.5,27,1,4,0.25,1,0,1,21,0,89,67,112,0.598,13,12,84,10,4,8,4,28,33,19,24,5,48,108,15,31,6,52,25,1,118,11,2,288,0,26.18,46,859,-1,0,40.95,85,3,61,112,67,754,6.73,11.25,6,251.3,31,50,90,539,3,5.99,10.78,179.7,84,754,8,2,0,-0.5,59,3,25,0,8.33,54,10,2,3,3,8,0.8,93,9,2,4,1,7,0.778,77,116,445,3.84,5,148.3,130,87,144,1.66,3,48,127,12,83,4,54,8,6,0,0,4,0,66,22,105,3,9,9,0,0,2,0,69,23,119,17,16,25,120,8.33,87,128.69,29,3,110.2,51,15,6,73,18,6,77,3,"88:23","29:28",42,206,984,4.78,8,8,328,115,199,898,4.51,9,299.3,70,1,4,4,0,0,48,87,1,2,0,0.333,15,3,"3-0",41,22,0.537,42,11,35,0.314,100,1,3,0.333,115,3,4,0.75,1,0,1,7,0,56,53,82,0.646,47,18,174,51,3,18,6,73,75,174,58,73,25,29,7,61,33,41,31,4,76,25,1,14,8,9,118,0,14.75,13,317,12,7,0,43.57,85,3,60,758,9.24,14.3,6,252.7,25,53,86,523,4,6.08,9.87,174.3,21,758,14.3,40,5,0,2.4,112,5,16,0,3.2,54,10,4,2,2,8,0.8,111,18,7,3,3,13,0.722,86,104,484,4.65,4,161.3,11,129,727,5.64,8,242.3,59,5,35,1.67,49,8,7,0,0,2,0,61,20.3,55,3,14,13,0,0,3,0,106,35.3,37,9,8,13,58,4.33,33,82,53,3,758,6,159.11,68,1,125.73,69,13,6,56,16,5.3,18,3,"100:07","33:22",47,190,1007,5.3,8,8,335.7,24,3,211,1485,7.04,14,495,47,4,5,4,1,0.33,48,1,4,1,3,0,0,1
"45","Hawaii","New Mexico St.",1,106,4,"1-3",61,20,0.328,69,15,41,0.366,114,2,10,0.2,41,3,8,0.375,98,1,1,23,0,120,81,157,0.516,123,29,266,91,7.25,126,96,66.5,127,45,44,10,99,70,29,34,3,66,108,4,25,4,9,68,0,17,89,921,38,1,37.52,123,6,109,157,81,722,4.6,8.91,0,180.5,92,77,124,1018,9,8.21,13.22,254.5,124,722,62,8,0,4.75,40,1,11,0,11,77,21,10,6,2,18,0.857,118,12,4,0,4,8,0.667,126,144,947,6.58,13,236.8,110,118,433,3.67,6,108.2,82,9,61,2.25,130,25,24,1,0,2,0,182,45.5,120,4,7,7,0,0,4,0,61,15.2,90,22,2,23,92,5.75,129,82.58,101,5,146.95,130,7,6,41,10,2.5,74,4,"118:50","29:43",125,268,1965,7.33,22,25,491.2,120,275,1155,4.2,6,288.8,113,1,6,10,-4,-1,129,121,1,3,0,0.25,118,4,"0-4",50,15,0.3,118,24,49,0.49,58,2,4,0.5,126,1,1,1,121,2,111,23,1,130,40,101,0.396,117,27,243,82,4,27,6.75,119,79,243,60.75,126,48,37,6,91,103,20,25,8,53,82,3,125,4,4,118,0,29.5,48,939,-2,23,0,40.91,131,9,122,506,5.01,12.65,1,126.5,36,58,93,754,4,8.11,13,188.5,48,506,12.65,8,4,0,-0.5,92,4,23,0,5.75,102,21,10,3,6,19,0.905,129,9,3,1,0,4,0.444,121,179,844,4.72,14,211,111,122,428,3.51,3,107,58,6,50,1.5,117,18,18,0,0,7,0,147,36.8,131,4,4,3,0,0,1,1,32,8,66,14,14,21,80,5.25,131,101,40,9,506,1,67.13,94,1,142.51,104,12,8,69,16,4,117,4,"104:11","26:03",94,272,1598,5.88,18,18,399.5,130,4,223,934,4.19,4,233.5,127,2,3,12,-9,-2.25,131,3,12,126,0,4,0,0
"46","Louisiana","UL-Monroe",1,61,3,"2-1",37,15,0.405,110,20,44,0.455,116,1,6,0.167,55,3,7,0.429,1,0,1,13,0,91,55,92,0.598,117,27,235,121,9,115,120,78.33,79,19,32,11,62,117,18,28,4,50,1,0,53,10,4,189,0,18.9,71,591,66,1,38.85,17,1,90,92,55,665,7.23,12.09,8,221.7,96,79,122,772,5,6.33,9.77,257.3,69,665,91,7,0,9.43,5,6,140,1,23.33,103,11,3,5,2,10,0.909,85,10,2,5,1,8,0.8,36,94,298,3.17,3,99.3,105,88,343,3.9,3,114.3,25,3,19,1,49,8,5,1,0,2,0,61,20.3,75,3,13,13,0,0,1,0,94,31.3,8,6,6,9,30,3,53,147.02,52,8,118.32,63,11,12,70,17,5.7,116,3,"78:36","26:12",64,216,1070,4.95,8,8,356.7,102,180,1008,5.6,11,336,2,2,10,1,9,3,6,36,2,1,0,0.667,78,3,"1-2",47,18,0.383,53,12,36,0.333,119,0,3,0,64,4,8,0.5,121,2,127,26,2,41,49,74,0.662,22,14,128,19,3,14,4.67,27,28,128,42.67,69,22,35,2,59,119,20,23,3,46,1,0,121,5,5,136,0,27.2,130,1034,290,26,1,27.85,46,2,111,515,6.96,10.51,2,171.7,84,59,91,716,6,7.87,12.14,238.7,104,515,10.51,127,13,3,22.31,119,1,1,0,1,73,13,6,4,1,11,0.846,1,7,4,2,1,7,1,85,91,482,5.3,6,160.7,106,120,337,2.81,5,112.3,83,7,47,2.33,124,17,17,0,0,1,0,122,40.7,118,3,7,7,0,0,1,0,52,17.3,108,15,12,21,96,7,90,74,49,2,515,2,128.19,96,4,143.89,112,10,2,40,11,3.7,9,3,"103:04","34:21",93,182,1198,6.58,12,17,399.3,123,3,194,852,4.39,7,284,36,0,4,2,2,0.67,17,0,2,87,1,2,0,0.333
"47","Wyoming","BYU",1,93,4,"3-1",56,20,0.357,95,26,64,0.406,100,1,3,0.333,64,3,6,0.5,1,0,1,20,0,84,62,103,0.602,69,20,172,23,5,71,29,43,114,31,36,7,74,76,34,27,2,63,82,3,35,9,13,160,0,17.78,74,890,64,3,38.3,46,2,118,103,62,592,5.75,9.55,3,148,77,83,142,910,8,6.41,10.96,227.5,119,592,88,7,0,9.14,54,2,19,1,9.5,87,16,3,6,5,14,0.875,38,12,3,1,7,11,0.917,59,137,505,3.69,4,126.2,68,150,654,4.36,4,163.5,11,2,14,0.5,67,12,12,0,0,5,0,99,24.8,100,4,9,9,0,0,11,0,96,24,22,11,6,14,46,3.5,112,114.2,71,2,128.06,87,18,2,104,19,4.8,70,4,"119:34","29:53",60,279,1415,5.07,12,12,353.8,111,253,1246,4.92,7,311.5,70,3,5,5,0,0,71,34,3,1,0,0.75,51,3,"2-1",42,18,0.429,78,16,42,0.381,96,3,8,0.375,101,6,9,0.667,1,0,1,8,0,23,78,113,0.69,69,20,173,75,3,20,6.67,72,74,173,57.67,65,28,24,6,58,45,24,41,7,72,25,1,110,13,3,322,1,24.77,90,319,-1,8,1,37.5,17,1,33,849,7.51,10.88,6,283,30,49,78,536,3,6.87,10.94,178.7,95,849,10.88,8,2,0,-0.5,113,4,12,0,3,54,15,7,3,2,12,0.8,113,13,3,3,3,9,0.692,88,122,485,3.98,7,161.7,86,94,456,4.85,5,152,40,4,16,1.33,83,11,10,0,0,2,0,82,27.3,70,3,12,10,0,0,4,1,96,32,55,12,6,15,42,5,52,113,78,1,849,6,147.89,72,2,128.11,104,9,6,62,12,4,84,3,"87:17","29:06",48,200,1021,5.1,10,11,340.3,56,3,207,1305,6.3,11,435,70,0,2,2,0,0,17,1,2,36,2,1,0,0.667
"48","Stanford","Washington",1,59,2,"1-1",22,9,0.409,15,6,24,0.25,29,4,6,0.667,1,0,1,0,1,0,1,5,0,31,44,65,0.677,1,7,62,6,3.5,2,8,31,8,17,16,2,35,103,18,28,7,53,120,5,2,2,9,13,0,6.5,26,227,14,0,42.6,85,3,37,65,44,548,8.43,12.45,4,274,50,30,47,400,4,8.51,13.33,200,56,548,60,3,0,4.67,118,6,7,0,1.17,2,6,0,2,1,3,0.5,85,10,5,3,0,8,0.8,87,75,323,4.31,1,161.5,46,73,390,5.34,6,195,94,5,35,2.5,68,6,6,0,0,3,0,51,25.5,59,2,10,9,0,0,0,0,69,34.5,123,14,6,17,60,8.5,49,149.59,117,1,159.15,78,7,6,46,10,5,92,2,"57:21","28:41",69,122,723,5.93,5,6,361.5,41,138,938,6.8,10,469,131,0,1,8,-7,-3.5,114,81,1,1,0,0.5,8,3,"3-0",41,23,0.561,98,19,46,0.413,39,5,8,0.625,82,5,9,0.556,1,0,1,6,0,50,76,117,0.65,88,22,206,93,3,22,7.33,95,99,206,68.67,44,18,26,8,52,5,25,55,5,85,25,1,77,11,9,226,0,20.55,125,232,2,6,2,31.67,17,1,2,1166,9.97,15.34,10,388.7,37,51,91,566,4,6.22,11.1,188.7,11,1166,15.34,30,2,0,1,48,4,41,0,10.25,77,7,2,1,3,6,0.857,68,20,7,7,3,17,0.85,27,99,270,2.73,2,90,74,110,479,4.35,8,159.7,13,2,16,0.67,38,6,2,2,0,4,0,54,18,14,3,18,17,0,0,3,1,136,45.3,6,7,0,7,22,2.33,18,117,76,1,1166,10,175.17,36,4,114,69,11,10,72,16,5.3,33,3,"95:16","31:45",21,190,836,4.4,6,6,278.7,4,3,227,1645,7.25,18,548.3,36,0,4,2,2,0.67,17,1,2,1,3,0,0,1
"49","Utah","Arizona St.",0,10,3,"2-1",38,21,0.553,29,11,39,0.282,58,2,4,0.5,93,3,5,0.6,1,0,1,9,0,22,63,91,0.692,59,19,147,65,6.33,45,48,49,9,20,13,3,36,26,37,37,4,78,54,2,24,12,10,197,0,16.42,87,365,7,1,37.56,17,1,44,91,63,792,8.7,12.57,9,264,2,35,68,270,1,3.97,7.71,90,52,792,51,2,0,3.5,51,13,126,0,9.69,114,4,3,1,0,4,1,56,17,7,6,2,15,0.882,75,94,439,4.67,5,146.3,30,119,650,5.46,8,216.7,25,3,29,1,24,6,5,1,0,0,0,43,14.3,15,3,18,17,0,0,3,0,134,44.7,31,9,6,12,50,4,21,172.78,4,3,80.85,69,9,14,45,16,5.3,19,3,"99:59","33:20",9,162,709,4.38,6,6,236.3,27,210,1442,6.87,17,480.7,36,2,5,3,2,0.67,32,36,2,1,0,0.667,120,3,"1-2",35,10,0.286,106,20,45,0.444,100,1,3,0.333,1,0,2,0,1,0,1,14,0,80,45,74,0.608,99,24,224,104,3,24,8,105,111,224,74.67,79,28,26,8,62,93,23,27,6,56,82,3,80,8,6,166,0,20.75,44,648,33,14,2,41.07,1,0,105,557,7.53,12.38,2,185.7,22,55,90,518,3,5.76,9.42,172.7,60,557,12.38,82,4,0,8.25,93,7,37,0,5.29,98,10,4,2,3,9,0.9,47,10,5,1,3,9,0.9,102,120,525,4.38,4,175,53,109,568,5.21,7,189.3,40,4,28,1.33,55,7,7,0,0,6,0,67,22.3,91,3,9,9,0,0,5,0,78,26,45,11,6,14,60,4.67,84,74,45,0,557,2,132.96,32,4,111.57,104,8,8,33,12,4,56,3,"92:01","30:40",54,210,1043,4.97,7,7,347.7,88,3,183,1125,6.15,9,375,47,0,4,3,1,0.33,32,3,3,87,1,2,0,0.333
"50","W. Michigan","San Jose St.",1,116,3,"1-2",46,14,0.304,72,13,35,0.371,27,7,10,0.7,64,2,4,0.5,1,0,1,16,0,113,53,98,0.541,39,17,159,42,5.67,53,55,53,86,29,28,8,65,93,20,31,5,56,82,3,48,12,2,224,0,18.67,56,667,21,0,40.38,103,4,106,98,53,553,5.64,10.43,2,184.3,82,45,77,713,7,9.26,15.84,237.7,108,553,51,6,0,3.5,57,3,27,0,9,63,11,4,3,2,9,0.818,85,10,4,1,3,8,0.8,112,116,581,5.01,4,193.7,92,109,398,3.65,5,132.7,108,9,45,3,103,12,12,0,0,5,0,99,33,108,3,7,5,2,0,4,0,63,21,104,14,12,20,80,6.67,119,100.05,120,1,163.63,124,6,8,36,10,3.3,46,3,"93:02","31:01",110,193,1294,6.7,11,12,431.3,108,207,951,4.59,7,317,113,3,4,7,-3,-1,104,87,1,2,0,0.333,109,2,"1-1",25,8,0.32,77,9,24,0.375,119,0,2,0,126,5,5,1,1,0,1,10,0,110,39,70,0.557,9,11,77,40,2,11,5.5,6,19,77,38.5,21,19,21,2,42,129,8,23,7,38,1,0,3,4,2,28,0,7,105,413,34,10,1,35.9,1,0,53,514,7.34,13.18,1,257,72,38,60,438,2,7.3,11.53,219,38,514,13.18,105,3,0,11.33,13,1,19,0,19,39,8,3,2,1,6,0.75,118,9,2,1,3,6,0.667,94,73,335,4.59,3,167.5,129,58,103,1.78,3,51.5,129,10,74,5,51,5,5,0,0,2,0,41,20.5,114,2,4,4,0,0,3,0,37,18.5,123,17,0,17,93,8.5,103,70,39,0,514,1,122.11,61,4,122.32,121,5,4,23,7,3.5,108,2,"55:33","27:47",84,133,773,5.81,5,5,386.5,113,2,128,617,4.82,4,308.5,3,1,5,0,5,2.5,1,0,0,81,1,1,0,0.5
"51","Virginia","Syracuse",1,107,3,"2-1",43,14,0.326,48,14,43,0.326,84,2,5,0.4,44,2,5,0.4,1,0,1,15,0,118,54,104,0.519,59,19,170,65,6.33,64,66,56.67,65,23,31,4,58,66,27,29,11,67,120,5,65,3,9,58,0,19.33,113,622,64,2,34.53,85,3,81,104,54,710,6.83,13.15,2,236.7,46,63,96,591,5,6.16,9.38,197,39,710,102,6,0,10.67,128,5,-1,0,-0.2,29,7,1,3,1,5,0.714,123,11,3,1,3,7,0.636,81,112,457,4.08,1,152.3,58,116,530,4.57,4,176.7,96,8,63,2.67,39,7,7,0,0,2,0,55,18.3,117,3,6,5,0,0,4,0,53,17.7,68,12,8,16,107,5.33,117,109.85,80,1,132.44,78,14,2,63,15,5,52,3,"92:24","30:48",57,208,1048,5.04,6,7,349.3,72,220,1240,5.64,6,413.3,113,4,5,8,-3,-1,114,36,2,1,0,0.667,51,3,"3-0",35,15,0.429,114,19,40,0.475,58,1,2,0.5,20,1,5,0.2,1,0,1,10,0,56,53,82,0.646,125,30,196,126,3,30,10,90,93,196,65.33,38,18,30,2,50,37,33,33,9,75,1,0,78,9,11,186,0,20.67,85,427,30,10,1,37.7,1,0,71,731,8.91,13.79,8,243.7,85,72,98,726,4,7.41,10.08,242,28,731,13.79,68,5,0,6,97,8,39,0,4.88,10,5,1,2,0,3,0.6,1,11,5,3,3,11,1,34,79,295,3.73,3,98.3,70,126,489,3.88,5,163,83,7,54,2.33,32,7,5,0,0,1,0,50,16.7,43,3,14,13,1,0,4,0,111,37,55,11,8,15,64,5,22,82,53,0,731,8,171.71,95,3,143.04,51,12,12,75,18,6,26,3,"97:02","32:21",48,177,1021,5.77,7,7,340.3,73,3,208,1220,5.87,13,406.7,4,3,6,0,6,2,1,0,0,1,3,0,0,1
"52","Nevada","Air Force",1,95,4,"2-2",68,24,0.353,105,27,62,0.435,51,4,7,0.571,1,0,3,0,1,0,1,27,0,100,66,114,0.579,99,24,230,51,6,111,73,57.5,96,19,40,9,68,45,35,30,7,72,54,2,52,6,14,113,0,18.83,61,1143,71,0,39.7,17,1,116,114,66,606,5.32,9.18,2,151.5,114,85,138,1121,8,8.12,13.19,280.2,122,606,98,7,0,10.14,74,4,29,0,7.25,34,11,1,5,2,8,0.727,28,15,8,1,5,14,0.933,43,128,429,3.35,4,107.2,88,174,554,3.18,9,138.5,119,13,81,3.25,79,13,11,1,0,5,1,108,27,95,4,12,12,0,0,6,0,102,25.5,126,26,22,37,133,9.25,118,106.58,86,7,138.81,45,21,10,117,26,6.5,47,4,"123:51","30:58",86,266,1550,5.83,12,13,387.5,119,288,1160,4.03,11,290,4,4,11,3,8,2,32,81,2,2,0,0.5,39,3,"2-1",36,17,0.472,33,9,30,0.3,29,2,3,0.667,1,0,2,0,1,0,1,7,0,129,11,25,0.44,3,8,46,1,3,8,2.67,1,1,46,15.33,31,18,28,1,47,81,54,7,1,62,120,5,82,7,11,147,0,21,65,306,11,7,1,39.29,1,0,130,218,8.72,19.82,3,72.7,18,43,76,499,3,6.57,11.6,166.3,3,218,19.82,66,2,0,5.5,126,0,0,0,0,39,8,1,3,2,6,0.75,47,10,6,1,2,9,0.9,66,91,410,4.51,2,136.7,1,172,1188,6.91,10,396,6,1,2,0.33,29,5,5,0,0,3,0,44,14.7,60,3,13,13,0,0,4,0,103,34.3,14,9,2,10,21,3.33,39,25,11,0,218,3,156.85,47,3,116.86,128,9,0,26,9,3,10,3,"102:50","34:17",32,167,909,5.44,5,5,303,42,3,197,1406,7.14,13,468.7,47,3,6,5,1,0.33,71,5,5,36,2,1,0,0.667
"53","Boise St.","UTEP",1,88,3,"2-1",44,16,0.364,2,6,38,0.158,1,3,3,1,101,2,3,0.667,1,0,1,18,0,54,57,88,0.648,22,14,143,19,4.67,41,44,47.67,7,14,15,5,34,108,22,24,6,52,82,3,128,8,7,242,1,30.25,23,779,6,0,42.94,103,4,104,88,57,559,6.35,9.81,5,186.3,21,39,80,516,4,6.45,13.23,172,116,559,36,3,0,2,43,9,96,1,10.67,114,3,1,0,2,3,1,101,13,2,5,3,10,0.769,14,84,229,2.73,2,76.3,93,113,397,3.51,3,132.3,83,7,60,2.33,39,7,7,0,0,2,0,55,18.3,91,3,9,9,0,0,5,0,78,26,112,15,14,22,102,7.33,91,127.79,39,2,114.43,29,16,12,86,22,7.3,24,3,"97:50","32:37",12,164,745,4.54,6,7,248.3,107,201,956,4.76,8,318.7,113,2,4,7,-3,-1,104,36,2,1,0,0.667,117,4,"1-3",56,17,0.304,51,16,49,0.327,82,6,14,0.429,119,4,5,0.8,1,0,1,15,0,124,84,172,0.488,99,24,248,51,4,24,6,123,82,248,62,122,42,29,10,81,13,20,50,12,82,129,6,82,3,12,63,0,21,30,700,25,15,2,42.33,119,5,50,1033,6.01,12.3,2,258.2,23,52,96,691,5,7.2,13.29,172.8,89,933,11.11,69,4,0,6.25,100,8,36,0,4.5,39,20,8,4,3,15,0.75,105,8,2,1,3,6,0.75,116,164,797,4.86,9,199.2,123,113,297,2.63,3,74.2,108,12,100,3,88,15,14,0,0,4,0,116,29,123,4,5,5,0,0,7,0,56,14,55,17,6,20,126,5,124,172,84,5,933,2,92.43,70,2,127.65,32,18,22,73,29,7.2,73,4,"118:55","29:44",76,260,1488,5.72,14,15,372,103,4,285,1330,4.67,5,332.5,118,4,6,11,-5,-1.25,130,6,11,121,1,3,0,0.25
"54","C. Carolina","Georgia St.",0,60,3,"3-0",32,13,0.406,83,16,41,0.39,16,4,5,0.8,98,5,8,0.625,1,0,1,10,0,19,51,72,0.708,33,16,133,34,5.33,30,31,44.33,73,21,37,3,61,52,27,36,7,70,120,5,105,11,4,254,0,23.09,102,380,0,1,36,17,1,57,72,51,765,10.62,15,9,255,121,62,95,868,5,9.14,14,289.3,15,765,13,1,0,0,34,2,23,0,11.5,103,11,3,3,4,10,0.909,80,11,3,5,1,9,0.818,38,111,308,2.77,4,102.7,58,118,530,4.49,3,176.7,40,4,19,1.33,79,9,9,0,0,6,0,81,27,54,3,14,14,0,0,3,0,107,35.7,31,4,16,12,49,4,4,198.56,102,5,148.85,17,17,16,114,25,8.3,60,3,"90:58","30:19",88,206,1176,5.71,9,9,392,59,190,1295,6.82,12,431.7,18,5,10,6,4,1.33,95,1,3,0,0,1,65,3,"0-3",48,19,0.396,62,13,37,0.351,114,1,5,0.2,41,3,8,0.375,128,3,127,21,2,119,45,87,0.517,128,31,253,129,3,31,10.33,124,127,253,84.33,96,22,38,8,68,47,35,25,11,71,25,1,13,4,11,56,0,14,116,853,117,21,1,34.1,46,2,98,640,7.36,14.22,8,213.3,126,73,104,912,8,8.77,12.49,304,23,640,14.22,122,7,2,16.71,126,1,0,0,0,91,9,3,5,0,8,0.889,93,9,3,4,0,7,0.778,53,99,362,3.66,4,120.7,17,149,694,4.66,3,231.3,40,4,20,1.33,118,15,12,2,0,2,0,112,37.3,87,3,11,7,2,0,2,0,83,27.7,77,10,14,17,42,5.67,72,87,45,2,640,8,139.26,119,4,161.55,47,13,12,62,19,6.3,124,3,"75:58","25:19",106,203,1274,6.28,12,15,424.7,52,3,236,1334,5.65,11,444.7,23,2,6,3,3,1,32,1,3,126,0,3,0,0
"55","West Virginia","Virginia Tech",0,14,3,"1-2",46,25,0.543,112,19,41,0.463,11,8,9,0.889,119,4,5,0.8,1,0,1,7,0,55,77,119,0.647,99,24,171,104,8,68,70,57,51,21,30,3,54,13,27,44,11,82,54,2,104,13,7,300,1,23.08,60,282,3,0,39.86,46,2,25,119,77,887,7.45,11.52,8,295.7,61,44,76,625,4,8.22,14.2,208.3,80,887,44,1,0,3,49,5,51,0,10.2,98,10,6,3,0,9,0.9,22,19,9,5,4,18,0.947,51,106,358,3.38,7,119.3,28,116,652,5.62,10,217.3,40,4,28,1.33,104,14,13,0,0,1,0,100,33.3,11,3,18,16,1,0,4,0,138,46,8,8,2,9,44,3,55,146.14,98,0,144.34,69,14,4,71,16,5.3,31,3,"95:56","31:59",41,182,983,5.4,11,14,327.7,13,235,1539,6.55,18,513,102,2,2,4,-2,-0.67,48,87,1,2,0,0.333,90,3,"2-1",47,17,0.362,3,7,41,0.171,110,1,4,0.25,64,2,4,0.5,1,0,1,17,0,46,65,99,0.657,109,25,191,113,3,25,8.33,88,90,191,63.67,10,13,17,7,37,81,20,37,5,62,25,1,41,4,10,72,0,18,24,731,1,17,0,42.94,103,4,86,679,6.86,10.45,4,226.3,16,47,89,477,1,5.36,10.15,159,106,679,10.45,30,1,0,1,117,8,12,0,1.5,77,7,2,1,3,6,0.857,54,9,3,3,2,8,0.889,3,83,126,1.52,2,42,89,125,413,3.3,4,137.7,40,4,24,1.33,16,4,4,0,0,3,0,37,12.3,102,3,8,8,0,0,5,0,71,23.7,98,11,16,19,55,6.33,89,99,65,4,679,4,128.52,18,1,99.29,33,13,16,100,21,7,16,3,"100:45","33:35",5,172,603,3.51,3,4,201,93,3,224,1092,4.88,8,364,102,2,3,5,-2,-0.67,71,1,5,36,2,1,0,0.667
